AP1RTT,AP1STDEV,AP1RSS,AP2RTT,AP2STDEV,AP2RSS,AP3RTT,AP3STDEV,AP3RSS,x,y,x1,y1,x2,y2,x3,y3,True_range1,True_range2,True_range3
5.727594188589677,1.356,-65,3.0538178611734046,0.221,-60,8.695758761173243,0.336,-64,6,3,7,9,7,0,0,9,6.082762530298219,3.1622776601683795,8.48528137423857
6.020594188589676,0.557,-68,3.3668178611734043,0.106,-61,8.617758761173242,0.354,-66,6,3,7,9,7,0,0,9,6.082762530298219,3.1622776601683795,8.48528137423857
6.157594188589677,0.809,-58,3.2298178611734043,0.085,-59,7.894758761173243,0.584,-64,6,3,7,9,7,0,0,9,6.082762530298219,3.1622776601683795,8.48528137423857
5.844594188589677,0.233,-63,3.0928178611734047,0.241,-60,8.949758761173243,1.28,-62,6,3,7,9,7,0,0,9,6.082762530298219,3.1622776601683795,8.48528137423857
5.883594188589677,1.173,-65,3.1418178611734047,0.192,-59,8.275758761173243,0.512,-64,6,3,7,9,7,0,0,9,6.082762530298219,3.1622776601683795,8.48528137423857
5.961594188589677,0.955,-61,3.0928178611734047,0.223,-59,8.217758761173243,1.304,-69,6,3,7,9,7,0,0,9,6.082762530298219,3.1622776601683795,8.48528137423857
6.352594188589677,0.896,-62,3.0538178611734046,0.196,-58,7.953758761173242,0.603,-71,6,3,7,9,7,0,0,9,6.082762530298219,3.1622776601683795,8.48528137423857
6.157594188589677,1.132,-62,3.1328178611734043,0.265,-59,8.129758761173242,0.987,-64,6,3,7,9,7,0,0,9,6.082762530298219,3.1622776601683795,8.48528137423857
6.3135941885896765,0.908,-61,3.0928178611734047,0.248,-57,8.500758761173243,0.217,-66,6,3,7,9,7,0,0,9,6.082762530298219,3.1622776601683795,8.48528137423857
5.766594188589677,1.163,-62,2.9368178611734046,0.338,-60,8.129758761173242,0.729,-66,6,3,7,9,7,0,0,9,6.082762530298219,3.1622776601683795,8.48528137423857
5.844594188589677,1.149,-66,2.9758178611734043,0.304,-58,8.246758761173243,0.491,-68,6,3,7,9,7,0,0,9,6.082762530298219,3.1622776601683795,8.48528137423857
6.118594188589677,1.202,-61,2.8198178611734046,0.239,-59,7.689758761173243,0.698,-71,6,3,7,9,7,0,0,9,6.082762530298219,3.1622776601683795,8.48528137423857
5.8055941885896765,1.821,-62,2.9368178611734046,0.265,-60,8.099758761173243,0.685,-70,6,3,7,9,7,0,0,9,6.082762530298219,3.1622776601683795,8.48528137423857
5.766594188589677,1.971,-59,2.9368178611734046,0.232,-60,7.719758761173242,0.442,-71,6,3,7,9,7,0,0,9,6.082762530298219,3.1622776601683795,8.48528137423857
6.1965941885896765,0.968,-61,2.7418178611734043,0.446,-57,7.953758761173242,0.496,-71,6,3,7,9,7,0,0,9,6.082762530298219,3.1622776601683795,8.48528137423857
6.391594188589677,0.74,-60,3.1718178611734045,0.098,-59,7.777758761173242,0.616,-69,6,3,7,9,7,0,0,9,6.082762530298219,3.1622776601683795,8.48528137423857
5.8055941885896765,1.246,-62,3.3668178611734043,0.182,-58,8.627758761173242,0.188,-71,6,3,7,9,7,0,0,9,6.082762530298219,3.1622776601683795,8.48528137423857
5.493594188589677,1.33,-65,3.5228178611734045,0.732,-60,8.363758761173242,0.141,-73,6,3,7,9,7,0,0,9,6.082762530298219,3.1622776601683795,8.48528137423857
5.9225941885896765,0.314,-64,3.7568178611734044,0.445,-63,8.597758761173242,0.299,-69,6,3,7,9,7,0,0,9,6.082762530298219,3.1622776601683795,8.48528137423857
6.469594188589677,0.948,-63,3.0148178611734044,0.954,-62,8.070758761173243,0.36,-69,6,3,7,9,7,0,0,9,6.082762530298219,3.1622776601683795,8.48528137423857
5.883594188589677,0.139,-62,3.4448178611734046,0.696,-59,7.953758761173242,1.996,-69,6,3,7,9,7,0,0,9,6.082762530298219,3.1622776601683795,8.48528137423857
5.522594188589677,0.517,-63,4.069817861173405,0.231,-66,8.187758761173242,0.637,-69,6,3,7,9,7,0,0,9,6.082762530298219,3.1622776601683795,8.48528137423857
5.649594188589677,0.14,-64,3.1328178611734043,0.594,-65,8.041758761173243,0.536,-71,6,3,7,9,7,0,0,9,6.082762530298219,3.1622776601683795,8.48528137423857
5.766594188589677,1.177,-63,3.1328178611734043,0.547,-63,8.158758761173242,0.212,-72,6,3,7,9,7,0,0,9,6.082762530298219,3.1622776601683795,8.48528137423857
5.610594188589677,1.219,-63,3.1328178611734043,0.179,-62,7.836758761173243,0.449,-72,6,3,7,9,7,0,0,9,6.082762530298219,3.1622776601683795,8.48528137423857
5.5715941885896765,1.155,-61,2.9368178611734046,0.484,-65,7.807758761173243,0.562,-71,6,3,7,9,7,0,0,9,6.082762530298219,3.1622776601683795,8.48528137423857
5.532594188589677,1.455,-61,3.0148178611734044,0.354,-59,8.187758761173242,0.381,-70,6,3,7,9,7,0,0,9,6.082762530298219,3.1622776601683795,8.48528137423857
5.532594188589677,1.333,-62,3.0148178611734044,0.283,-64,8.275758761173243,0.305,-70,6,3,7,9,7,0,0,9,6.082762530298219,3.1622776601683795,8.48528137423857
5.532594188589677,1.294,-56,2.9758178611734043,0.368,-59,8.158758761173242,0.372,-69,6,3,7,9,7,0,0,9,6.082762530298219,3.1622776601683795,8.48528137423857
5.766594188589677,1.005,-62,3.1718178611734045,0.188,-59,8.217758761173243,0.35,-70,6,3,7,9,7,0,0,9,6.082762530298219,3.1622776601683795,8.48528137423857
8.241594188589676,2.389,-57,3.2498178611734043,0.216,-60,8.392758761173242,0.38,-69,6,3,7,9,7,0,0,9,6.082762530298219,3.1622776601683795,8.48528137423857
5.698594188589677,1.839,-63,3.1328178611734043,0.34,-63,8.158758761173242,0.481,-71,6,3,7,9,7,0,0,9,6.082762530298219,3.1622776601683795,8.48528137423857
5.844594188589677,1.464,-63,3.1328178611734043,0.291,-61,8.246758761173243,0.442,-71,6,3,7,9,7,0,0,9,6.082762530298219,3.1622776601683795,8.48528137423857
6.000594188589677,0.863,-63,3.2588178611734047,0.352,-60,8.187758761173242,0.384,-72,6,3,7,9,7,0,0,9,6.082762530298219,3.1622776601683795,8.48528137423857
5.766594188589677,1.743,-63,3.3668178611734043,0.237,-60,8.217758761173243,0.461,-70,6,3,7,9,7,0,0,9,6.082762530298219,3.1622776601683795,8.48528137423857
5.961594188589677,1.695,-59,3.1718178611734045,0.204,-63,8.275758761173243,0.493,-71,6,3,7,9,7,0,0,9,6.082762530298219,3.1622776601683795,8.48528137423857
5.9225941885896765,1.591,-63,3.1328178611734043,0.346,-60,8.099758761173243,0.449,-71,6,3,7,9,7,0,0,9,6.082762530298219,3.1622776601683795,8.48528137423857
6.137594188589677,1.313,-63,3.2888178611734045,0.222,-61,8.187758761173242,0.405,-71,6,3,7,9,7,0,0,9,6.082762530298219,3.1622776601683795,8.48528137423857
6.3135941885896765,0.994,-62,3.0928178611734047,0.349,-61,8.275758761173243,0.452,-73,6,3,7,9,7,0,0,9,6.082762530298219,3.1622776601683795,8.48528137423857
6.3135941885896765,1.284,-62,3.2498178611734043,0.262,-62,8.363758761173242,0.373,-73,6,3,7,9,7,0,0,9,6.082762530298219,3.1622776601683795,8.48528137423857
6.3135941885896765,0.844,-62,3.1328178611734043,0.373,-60,8.217758761173243,0.359,-72,6,3,7,9,7,0,0,9,6.082762530298219,3.1622776601683795,8.48528137423857
6.157594188589677,0.821,-62,3.1328178611734043,0.292,-60,8.334758761173243,0.468,-73,6,3,7,9,7,0,0,9,6.082762530298219,3.1622776601683795,8.48528137423857
6.078594188589677,0.822,-62,3.0148178611734044,0.351,-60,8.217758761173243,0.428,-74,6,3,7,9,7,0,0,9,6.082762530298219,3.1622776601683795,8.48528137423857
6.118594188589677,0.794,-62,3.0938178611734046,0.348,-60,8.363758761173242,0.329,-74,6,3,7,9,7,0,0,9,6.082762530298219,3.1622776601683795,8.48528137423857
6.118594188589677,0.783,-61,3.1328178611734043,0.383,-60,8.363758761173242,0.46,-74,6,3,7,9,7,0,0,9,6.082762530298219,3.1622776601683795,8.48528137423857
6.3135941885896765,0.789,-61,3.0538178611734046,0.39,-60,8.246758761173243,0.458,-73,6,3,7,9,7,0,0,9,6.082762530298219,3.1622776601683795,8.48528137423857
6.3135941885896765,0.804,-61,3.0928178611734047,0.306,-61,8.363758761173242,0.431,-73,6,3,7,9,7,0,0,9,6.082762530298219,3.1622776601683795,8.48528137423857
7.748594188589677,2.497,-56,2.8588178611734043,0.455,-60,8.334758761173243,0.426,-74,6,3,7,9,7,0,0,9,6.082762530298219,3.1622776601683795,8.48528137423857
6.118594188589677,0.814,-62,2.9368178611734046,0.459,-61,8.275758761173243,0.466,-74,6,3,7,9,7,0,0,9,6.082762530298219,3.1622776601683795,8.48528137423857
6.0395941885896764,0.934,-62,3.0148178611734044,0.401,-61,8.363758761173242,0.401,-74,6,3,7,9,7,0,0,9,6.082762530298219,3.1622776601683795,8.48528137423857
6.0795941885896765,0.819,-62,3.1718178611734045,0.317,-60,8.305758761173243,0.361,-74,6,3,7,9,7,0,0,9,6.082762530298219,3.1622776601683795,8.48528137423857
6.1965941885896765,0.772,-62,3.2498178611734043,0.274,-61,8.392758761173242,0.441,-73,6,3,7,9,7,0,0,9,6.082762530298219,3.1622776601683795,8.48528137423857
7.748594188589677,2.181,-57,3.1328178611734043,0.306,-60,8.334758761173243,0.333,-73,6,3,7,9,7,0,0,9,6.082762530298219,3.1622776601683795,8.48528137423857
6.352594188589677,0.648,-56,3.2498178611734043,0.299,-60,8.275758761173243,0.424,-73,6,3,7,9,7,0,0,9,6.082762530298219,3.1622776601683795,8.48528137423857
6.391594188589677,0.765,-61,3.2498178611734043,0.277,-60,8.305758761173243,0.432,-73,6,3,7,9,7,0,0,9,6.082762530298219,3.1622776601683795,8.48528137423857
6.4305941885896765,0.702,-60,3.1718178611734045,0.329,-60,8.305758761173243,0.432,-72,6,3,7,9,7,0,0,9,6.082762530298219,3.1622776601683795,8.48528137423857
6.469594188589677,0.651,-60,3.0148178611734044,0.384,-60,8.363758761173242,0.328,-72,6,3,7,9,7,0,0,9,6.082762530298219,3.1622776601683795,8.48528137423857
6.508594188589677,0.683,-60,3.0148178611734044,0.4,-60,8.334758761173243,0.439,-71,6,3,7,9,7,0,0,9,6.082762530298219,3.1622776601683795,8.48528137423857
6.5475941885896765,0.61,-60,3.0928178611734047,0.318,-60,8.275758761173243,0.37,-71,6,3,7,9,7,0,0,9,6.082762530298219,3.1622776601683795,8.48528137423857
6.586594188589677,0.485,-60,3.0928178611734047,0.31,-60,8.275758761173243,0.402,-71,6,3,7,9,7,0,0,9,6.082762530298219,3.1622776601683795,8.48528137423857
6.391594188589677,0.623,-61,3.2108178611734046,0.359,-60,8.393758761173242,0.316,-71,6,3,7,9,7,0,0,9,6.082762530298219,3.1622776601683795,8.48528137423857
6.3135941885896765,0.699,-61,3.0538178611734046,0.312,-60,8.363758761173242,0.447,-71,6,3,7,9,7,0,0,9,6.082762530298219,3.1622776601683795,8.48528137423857
6.586594188589677,0.549,-57,2.9368178611734046,0.429,-60,8.392758761173242,0.36,-71,6,3,7,9,7,0,0,9,6.082762530298219,3.1622776601683795,8.48528137423857
6.508594188589677,0.821,-63,3.0938178611734046,0.33,-60,8.422758761173244,0.371,-71,6,3,7,9,7,0,0,9,6.082762530298219,3.1622776601683795,8.48528137423857
6.352594188589677,0.819,-65,3.2498178611734043,0.25,-59,8.275758761173243,0.431,-70,6,3,7,9,7,0,0,9,6.082762530298219,3.1622776601683795,8.48528137423857
5.434594188589677,0.395,-66,3.1328178611734043,0.3,-60,8.275758761173243,0.354,-70,6,3,7,9,7,0,0,9,6.082762530298219,3.1622776601683795,8.48528137423857
6.1965941885896765,1.668,-61,3.1718178611734045,0.285,-60,8.275758761173243,0.48,-70,6,3,7,9,7,0,0,9,6.082762530298219,3.1622776601683795,8.48528137423857
6.166594188589677,0.129,-68,3.0928178611734047,0.33,-60,8.305758761173243,0.417,-70,6,3,7,9,7,0,0,9,6.082762530298219,3.1622776601683795,8.48528137423857
6.000594188589677,1.38,-60,3.1718178611734045,0.327,-60,8.275758761173243,0.314,-71,6,3,7,9,7,0,0,9,6.082762530298219,3.1622776601683795,8.48528137423857
6.157594188589677,0.852,-61,3.2888178611734045,0.247,-60,8.246758761173243,0.409,-71,6,3,7,9,7,0,0,9,6.082762530298219,3.1622776601683795,8.48528137423857
6.118594188589677,1.129,-60,3.1718178611734045,0.273,-60,8.305758761173243,0.361,-70,6,3,7,9,7,0,0,9,6.082762530298219,3.1622776601683795,8.48528137423857
6.0795941885896765,0.916,-60,3.0928178611734047,0.343,-60,8.246758761173243,0.397,-71,6,3,7,9,7,0,0,9,6.082762530298219,3.1622776601683795,8.48528137423857
6.000594188589677,1.075,-61,3.1718178611734045,0.264,-61,8.187758761173242,0.384,-70,6,3,7,9,7,0,0,9,6.082762530298219,3.1622776601683795,8.48528137423857
6.0395941885896764,0.954,-64,3.2108178611734046,0.294,-61,8.363758761173242,0.303,-71,6,3,7,9,7,0,0,9,6.082762530298219,3.1622776601683795,8.48528137423857
6.0395941885896764,1.08,-61,3.1328178611734043,0.331,-61,8.334758761173243,0.343,-72,6,3,7,9,7,0,0,9,6.082762530298219,3.1622776601683795,8.48528137423857
6.0395941885896764,1.081,-61,3.1718178611734045,0.285,-61,8.305758761173243,0.431,-71,6,3,7,9,7,0,0,9,6.082762530298219,3.1622776601683795,8.48528137423857
5.961594188589677,1.137,-61,3.1718178611734045,0.313,-61,8.305758761173243,0.426,-73,6,3,7,9,7,0,0,9,6.082762530298219,3.1622776601683795,8.48528137423857
6.0795941885896765,1.203,-61,3.0938178611734046,0.336,-60,8.246758761173243,0.46,-71,6,3,7,9,7,0,0,9,6.082762530298219,3.1622776601683795,8.48528137423857
6.0395941885896764,1.071,-62,3.1328178611734043,0.313,-61,8.334758761173243,0.327,-71,6,3,7,9,7,0,0,9,6.082762530298219,3.1622776601683795,8.48528137423857
5.961594188589677,1.011,-62,3.3278178611734046,0.241,-62,8.305758761173243,0.377,-71,6,3,7,9,7,0,0,9,6.082762530298219,3.1622776601683795,8.48528137423857
5.961594188589677,1.186,-62,3.2108178611734046,0.285,-61,8.363758761173242,0.356,-71,6,3,7,9,7,0,0,9,6.082762530298219,3.1622776601683795,8.48528137423857
6.0395941885896764,1.093,-63,3.2498178611734043,0.273,-62,8.158758761173242,0.546,-72,6,3,7,9,7,0,0,9,6.082762530298219,3.1622776601683795,8.48528137423857
6.078594188589677,1.003,-62,3.2108178611734046,0.242,-61,8.363758761173242,0.452,-71,6,3,7,9,7,0,0,9,6.082762530298219,3.1622776601683795,8.48528137423857
5.991594188589676,1.21,-63,3.1718178611734045,0.286,-61,8.129758761173242,0.508,-71,6,3,7,9,7,0,0,9,6.082762530298219,3.1622776601683795,8.48528137423857
5.9225941885896765,1.151,-62,3.1718178611734045,0.286,-60,8.187758761173242,0.569,-71,6,3,7,9,7,0,0,9,6.082762530298219,3.1622776601683795,8.48528137423857
5.961594188589677,1.111,-61,3.0938178611734046,0.336,-61,8.187758761173242,0.519,-71,6,3,7,9,7,0,0,9,6.082762530298219,3.1622776601683795,8.48528137423857
6.000594188589677,1.068,-57,3.2108178611734046,0.291,-61,8.246758761173243,0.486,-71,6,3,7,9,7,0,0,9,6.082762530298219,3.1622776601683795,8.48528137423857
6.000594188589677,1.044,-62,3.2108178611734046,0.284,-60,8.246758761173243,0.442,-71,6,3,7,9,7,0,0,9,6.082762530298219,3.1622776601683795,8.48528137423857
5.961594188589677,1.113,-62,3.2498178611734043,0.208,-60,8.217758761173243,0.434,-71,6,3,7,9,7,0,0,9,6.082762530298219,3.1622776601683795,8.48528137423857
5.932594188589677,1.14,-63,3.0538178611734046,0.293,-61,8.422758761173244,0.359,-71,6,3,7,9,7,0,0,9,6.082762530298219,3.1622776601683795,8.48528137423857
6.157594188589677,1.033,-62,3.1718178611734045,0.345,-61,8.334758761173243,0.408,-72,6,3,7,9,7,0,0,9,6.082762530298219,3.1622776601683795,8.48528137423857
5.932594188589677,1.119,-63,3.1718178611734045,0.329,-60,8.305758761173243,0.482,-72,6,3,7,9,7,0,0,9,6.082762530298219,3.1622776601683795,8.48528137423857
6.000594188589677,1.001,-63,3.1718178611734045,0.335,-60,8.392758761173242,0.426,-71,6,3,7,9,7,0,0,9,6.082762530298219,3.1622776601683795,8.48528137423857
6.0395941885896764,1.008,-63,3.2888178611734045,0.264,-60,8.363758761173242,0.42,-71,6,3,7,9,7,0,0,9,6.082762530298219,3.1622776601683795,8.48528137423857
5.873594188589677,1.036,-63,3.1718178611734045,0.28,-60,8.334758761173243,0.392,-71,6,3,7,9,7,0,0,9,6.082762530298219,3.1622776601683795,8.48528137423857
5.961594188589677,1.246,-58,3.0148178611734044,0.373,-61,8.363758761173242,0.41,-71,6,3,7,9,7,0,0,9,6.082762530298219,3.1622776601683795,8.48528137423857
6.0795941885896765,0.933,-62,3.1328178611734043,0.313,-61,8.334758761173243,0.441,-71,6,3,7,9,7,0,0,9,6.082762530298219,3.1622776601683795,8.48528137423857
6.0395941885896764,0.954,-63,3.0928178611734047,0.33,-61,8.217758761173243,0.439,-71,6,3,7,9,7,0,0,9,6.082762530298219,3.1622776601683795,8.48528137423857
5.9225941885896765,1.082,-62,3.0928178611734047,0.373,-61,8.305758761173243,0.431,-71,6,3,7,9,7,0,0,9,6.082762530298219,3.1622776601683795,8.48528137423857
5.961594188589677,1.021,-62,3.0538178611734046,0.381,-60,8.275758761173243,0.431,-71,6,3,7,9,7,0,0,9,6.082762530298219,3.1622776601683795,8.48528137423857
6.000594188589677,0.986,-63,3.0928178611734047,0.305,-60,8.334758761173243,0.439,-71,6,3,7,9,7,0,0,9,6.082762530298219,3.1622776601683795,8.48528137423857
8.071594188589676,2.676,-57,3.2498178611734043,0.261,-61,8.334758761173243,0.401,-71,6,3,7,9,7,0,0,9,6.082762530298219,3.1622776601683795,8.48528137423857
6.000594188589677,0.973,-63,3.0928178611734047,0.304,-60,8.451758761173243,0.382,-69,6,3,7,9,7,0,0,9,6.082762530298219,3.1622776601683795,8.48528137423857
6.000594188589677,0.973,-63,3.0928178611734047,0.353,-61,8.422758761173244,0.381,-70,6,3,7,9,7,0,0,9,6.082762530298219,3.1622776601683795,8.48528137423857
6.078594188589677,0.918,-63,3.0538178611734046,0.34,-61,8.275758761173243,0.337,-71,6,3,7,9,7,0,0,9,6.082762530298219,3.1622776601683795,8.48528137423857
6.0795941885896765,0.941,-63,3.0928178611734047,0.33,-60,8.187758761173242,0.451,-71,6,3,7,9,7,0,0,9,6.082762530298219,3.1622776601683795,8.48528137423857
8.149594188589676,2.639,-58,3.2498178611734043,0.283,-61,8.217758761173243,0.365,-72,6,3,7,9,7,0,0,9,6.082762530298219,3.1622776601683795,8.48528137423857
6.0795941885896765,0.97,-63,3.1328178611734043,0.312,-60,8.187758761173242,0.451,-71,6,3,7,9,7,0,0,9,6.082762530298219,3.1622776601683795,8.48528137423857
5.932594188589677,1.021,-63,3.2108178611734046,0.291,-61,8.334758761173243,0.365,-71,6,3,7,9,7,0,0,9,6.082762530298219,3.1622776601683795,8.48528137423857
6.078594188589677,1.033,-58,3.0928178611734047,0.388,-61,8.392758761173242,0.376,-71,6,3,7,9,7,0,0,9,6.082762530298219,3.1622776601683795,8.48528137423857
5.961594188589677,1.063,-63,3.3668178611734043,0.249,-61,8.363758761173242,0.421,-71,6,3,7,9,7,0,0,9,6.082762530298219,3.1622776601683795,8.48528137423857
8.023594188589676,2.498,-63,3.1718178611734045,0.304,-61,8.275758761173243,0.438,-71,6,3,7,9,7,0,0,9,6.082762530298219,3.1622776601683795,8.48528137423857
6.0795941885896765,0.938,-63,3.2108178611734046,0.29,-61,8.187758761173242,0.4,-71,6,3,7,9,7,0,0,9,6.082762530298219,3.1622776601683795,8.48528137423857
6.0395941885896764,0.996,-63,3.0148178611734044,0.312,-61,8.363758761173242,0.373,-71,6,3,7,9,7,0,0,9,6.082762530298219,3.1622776601683795,8.48528137423857
5.961594188589677,1.017,-63,3.1328178611734043,0.324,-61,8.334758761173243,0.359,-70,6,3,7,9,7,0,0,9,6.082762530298219,3.1622776601683795,8.48528137423857
5.961594188589677,1.057,-63,3.0928178611734047,0.33,-61,8.392758761173242,0.328,-70,6,3,7,9,7,0,0,9,6.082762530298219,3.1622776601683795,8.48528137423857
6.000594188589677,0.999,-63,3.0538178611734046,0.313,-61,8.158758761173242,0.441,-70,6,3,7,9,7,0,0,9,6.082762530298219,3.1622776601683795,8.48528137423857
5.9225941885896765,1.066,-63,3.2108178611734046,0.292,-60,8.392758761173242,0.393,-70,6,3,7,9,7,0,0,9,6.082762530298219,3.1622776601683795,8.48528137423857
5.991594188589676,0.974,-63,3.2498178611734043,0.284,-60,8.217758761173243,0.401,-72,6,3,7,9,7,0,0,9,6.082762530298219,3.1622776601683795,8.48528137423857
6.0795941885896765,1.38,-58,3.1328178611734043,0.292,-60,8.246758761173243,0.386,-71,6,3,7,9,7,0,0,9,6.082762530298219,3.1622776601683795,8.48528137423857
5.961594188589677,1.083,-63,3.0938178611734046,0.33,-60,8.363758761173242,0.378,-71,6,3,7,9,7,0,0,9,6.082762530298219,3.1622776601683795,8.48528137423857
6.0395941885896764,0.958,-63,3.2108178611734046,0.292,-61,8.275758761173243,0.376,-72,6,3,7,9,7,0,0,9,6.082762530298219,3.1622776601683795,8.48528137423857
6.118594188589677,0.977,-63,3.0538178611734046,0.34,-61,8.305758761173243,0.356,-71,6,3,7,9,7,0,0,9,6.082762530298219,3.1622776601683795,8.48528137423857
6.0795941885896765,0.974,-63,3.2498178611734043,0.284,-60,8.246758761173243,0.387,-72,6,3,7,9,7,0,0,9,6.082762530298219,3.1622776601683795,8.48528137423857
6.0795941885896765,1.003,-63,3.1328178611734043,0.325,-60,8.217758761173243,0.374,-72,6,3,7,9,7,0,0,9,6.082762530298219,3.1622776601683795,8.48528137423857
6.000594188589677,0.988,-63,3.0148178611734044,0.401,-60,8.275758761173243,0.445,-72,6,3,7,9,7,0,0,9,6.082762530298219,3.1622776601683795,8.48528137423857
5.961594188589677,1.003,-63,3.0928178611734047,0.325,-61,8.275758761173243,0.445,-72,6,3,7,9,7,0,0,9,6.082762530298219,3.1622776601683795,8.48528137423857
6.000594188589677,0.999,-63,3.2108178611734046,0.24,-61,8.334758761173243,0.439,-72,6,3,7,9,7,0,0,9,6.082762530298219,3.1622776601683795,8.48528137423857
5.9225941885896765,1.214,-59,3.2498178611734043,0.24,-60,8.422758761173244,0.433,-72,6,3,7,9,7,0,0,9,6.082762530298219,3.1622776601683795,8.48528137423857
5.991594188589676,1.035,-63,3.2498178611734043,0.255,-60,8.246758761173243,0.507,-73,6,3,7,9,7,0,0,9,6.082762530298219,3.1622776601683795,8.48528137423857
6.118594188589677,1.057,-64,3.2108178611734046,0.243,-60,8.334758761173243,0.399,-73,6,3,7,9,7,0,0,9,6.082762530298219,3.1622776601683795,8.48528137423857
5.9225941885896765,1.115,-63,3.0148178611734044,0.373,-60,8.334758761173243,0.434,-72,6,3,7,9,7,0,0,9,6.082762530298219,3.1622776601683795,8.48528137423857
6.000594188589677,1.079,-64,3.1718178611734045,0.304,-60,8.305758761173243,0.459,-72,6,3,7,9,7,0,0,9,6.082762530298219,3.1622776601683795,8.48528137423857
5.961594188589677,1.059,-63,3.1718178611734045,0.262,-60,8.392758761173242,0.462,-72,6,3,7,9,7,0,0,9,6.082762530298219,3.1622776601683795,8.48528137423857
6.157594188589677,0.962,-62,3.2108178611734046,0.301,-60,8.246758761173243,0.491,-73,6,3,7,9,7,0,0,9,6.082762530298219,3.1622776601683795,8.48528137423857
6.1965941885896765,1.054,-59,3.1718178611734045,0.28,-60,8.392758761173242,0.355,-73,6,3,7,9,7,0,0,9,6.082762530298219,3.1622776601683795,8.48528137423857
6.0795941885896765,1.029,-61,3.2888178611734045,0.214,-60,8.392758761173242,0.385,-73,6,3,7,9,7,0,0,9,6.082762530298219,3.1622776601683795,8.48528137423857
6.3135941885896765,0.189,-51,3.0928178611734047,0.318,-61,8.217758761173243,0.472,-73,6,3,7,9,7,0,0,9,6.082762530298219,3.1622776601683795,8.48528137423857
8.983594188589677,0.486,-56,3.0928178611734047,0.384,-61,8.363758761173242,0.443,-73,6,3,7,9,7,0,0,9,6.082762530298219,3.1622776601683795,8.48528137423857
7.108594188589676,1.27,-54,3.2498178611734043,0.284,-61,8.392758761173242,0.41,-72,6,3,7,9,7,0,0,9,6.082762530298219,3.1622776601683795,8.48528137423857
5.4545941885896765,1.647,-62,3.1718178611734045,0.305,-60,8.363758761173242,0.463,-72,6,3,7,9,7,0,0,9,6.082762530298219,3.1622776601683795,8.48528137423857
5.883594188589677,1.738,-61,3.0928178611734047,0.343,-60,8.392758761173242,0.395,-73,6,3,7,9,7,0,0,9,6.082762530298219,3.1622776601683795,8.48528137423857
5.932594188589677,0.909,-64,3.2888178611734045,0.286,-60,8.392758761173242,0.432,-73,6,3,7,9,7,0,0,9,6.082762530298219,3.1622776601683795,8.48528137423857
5.4545941885896765,1.809,-60,3.1718178611734045,0.337,-60,8.334758761173243,0.472,-73,6,3,7,9,7,0,0,9,6.082762530298219,3.1622776601683795,8.48528137423857
5.649594188589677,1.28,-56,3.2498178611734043,0.306,-60,8.392758761173242,0.406,-72,6,3,7,9,7,0,0,9,6.082762530298219,3.1622776601683795,8.48528137423857
5.9225941885896765,1.242,-56,3.1718178611734045,0.329,-60,8.480758761173243,0.364,-72,6,3,7,9,7,0,0,9,6.082762530298219,3.1622776601683795,8.48528137423857
5.844594188589677,1.049,-56,3.2108178611734046,0.284,-60,8.422758761173244,0.376,-72,6,3,7,9,7,0,0,9,6.082762530298219,3.1622776601683795,8.48528137423857
5.6885941885896765,1.229,-62,3.2498178611734043,0.305,-60,8.422758761173244,0.393,-72,6,3,7,9,7,0,0,9,6.082762530298219,3.1622776601683795,8.48528137423857
5.8055941885896765,1.418,-60,3.2498178611734043,0.24,-60,8.363758761173242,0.387,-72,6,3,7,9,7,0,0,9,6.082762530298219,3.1622776601683795,8.48528137423857
5.766594188589677,1.129,-65,3.2498178611734043,0.292,-61,8.334758761173243,0.413,-72,6,3,7,9,7,0,0,9,6.082762530298219,3.1622776601683795,8.48528137423857
7.225594188589676,1.565,-60,3.1718178611734045,0.298,-60,8.305758761173243,0.377,-72,6,3,7,9,7,0,0,9,6.082762530298219,3.1622776601683795,8.48528137423857
5.5715941885896765,1.032,-65,3.0148178611734044,0.384,-60,8.217758761173243,0.442,-72,6,3,7,9,7,0,0,9,6.082762530298219,3.1622776601683795,8.48528137423857
5.610594188589677,1.483,-62,3.1718178611734045,0.311,-60,8.217758761173243,0.477,-72,6,3,7,9,7,0,0,9,6.082762530298219,3.1622776601683795,8.48528137423857
5.668594188589677,1.351,-60,3.1718178611734045,0.296,-60,8.246758761173243,0.43,-73,6,3,7,9,7,0,0,9,6.082762530298219,3.1622776601683795,8.48528137423857
5.8055941885896765,1.931,-61,3.2498178611734043,0.303,-60,8.099758761173243,0.528,-72,6,3,7,9,7,0,0,9,6.082762530298219,3.1622776601683795,8.48528137423857
5.766594188589677,1.999,-60,3.1718178611734045,0.329,-60,8.275758761173243,0.462,-73,6,3,7,9,7,0,0,9,6.082762530298219,3.1622776601683795,8.48528137423857
5.727594188589677,1.959,-59,3.2108178611734046,0.325,-60,8.041758761173243,0.566,-73,6,3,7,9,7,0,0,9,6.082762530298219,3.1622776601683795,8.48528137423857
5.6885941885896765,1.936,-59,3.2108178611734046,0.336,-60,8.246758761173243,0.478,-73,6,3,7,9,7,0,0,9,6.082762530298219,3.1622776601683795,8.48528137423857
5.493594188589677,1.916,-64,3.1328178611734043,0.313,-59,8.158758761173242,0.448,-73,6,3,7,9,7,0,0,9,6.082762530298219,3.1622776601683795,8.48528137423857
5.610594188589677,1.345,-62,3.0928178611734047,0.364,-59,8.041758761173243,0.5,-72,6,3,7,9,7,0,0,9,6.082762530298219,3.1622776601683795,8.48528137423857
5.844594188589677,1.351,-64,3.1328178611734043,0.312,-60,8.305758761173243,0.686,-70,6,3,7,9,7,0,0,9,6.082762530298219,3.1622776601683795,8.48528137423857
5.844594188589677,1.964,-55,3.1718178611734045,0.291,-59,8.158758761173242,0.612,-72,6,3,7,9,7,0,0,9,6.082762530298219,3.1622776601683795,8.48528137423857
5.883594188589677,2.091,-60,3.1328178611734043,0.285,-59,8.393758761173242,0.427,-73,6,3,7,9,7,0,0,9,6.082762530298219,3.1622776601683795,8.48528137423857
5.844594188589677,1.472,-63,3.2108178611734046,0.25,-59,8.099758761173243,0.461,-73,6,3,7,9,7,0,0,9,6.082762530298219,3.1622776601683795,8.48528137423857
5.562594188589677,1.577,-64,3.1328178611734043,0.3,-60,8.480758761173243,0.329,-71,6,3,7,9,7,0,0,9,6.082762530298219,3.1622776601683795,8.48528137423857
6.040594188589677,1.024,-65,3.0538178611734046,0.334,-60,8.363758761173242,0.467,-72,6,3,7,9,7,0,0,9,6.082762530298219,3.1622776601683795,8.48528137423857
5.961594188589677,1.15,-57,3.0938178611734046,0.375,-60,8.246758761173243,0.517,-75,6,3,7,9,7,0,0,9,6.082762530298219,3.1622776601683795,8.48528137423857
5.9225941885896765,1.244,-64,3.0928178611734047,0.374,-60,8.334758761173243,0.225,-70,6,3,7,9,7,0,0,9,6.082762530298219,3.1622776601683795,8.48528137423857
6.020594188589676,1.133,-60,2.9758178611734043,0.419,-59,8.480758761173243,0.192,-71,6,3,7,9,7,0,0,9,6.082762530298219,3.1622776601683795,8.48528137423857
6.0395941885896764,1.447,-57,3.1328178611734043,0.318,-59,8.686758761173243,0.149,-72,6,3,7,9,7,0,0,9,6.082762530298219,3.1622776601683795,8.48528137423857
6.000594188589677,1.062,-62,3.0538178611734046,0.358,-59,7.865758761173243,0.635,-74,6,3,7,9,7,0,0,9,6.082762530298219,3.1622776601683795,8.48528137423857
6.391594188589677,0.805,-60,3.1718178611734045,0.254,-60,8.363758761173242,0.516,-73,6,3,7,9,7,0,0,9,6.082762530298219,3.1622776601683795,8.48528137423857
6.118594188589677,0.968,-62,3.1718178611734045,0.317,-60,8.715758761173243,0.318,-71,6,3,7,9,7,0,0,9,6.082762530298219,3.1622776601683795,8.48528137423857
6.0395941885896764,0.981,-63,3.2498178611734043,0.214,-60,8.598758761173242,0.343,-72,6,3,7,9,7,0,0,9,6.082762530298219,3.1622776601683795,8.48528137423857
6.0395941885896764,1.065,-63,3.0928178611734047,0.297,-60,8.510758761173243,0.409,-71,6,3,7,9,7,0,0,9,6.082762530298219,3.1622776601683795,8.48528137423857
6.0795941885896765,1.062,-63,3.0928178611734047,0.319,-60,8.539758761173243,0.476,-74,6,3,7,9,7,0,0,9,6.082762530298219,3.1622776601683795,8.48528137423857
6.0795941885896765,0.976,-63,3.2108178611734046,0.233,-61,8.627758761173242,0.375,-72,6,3,7,9,7,0,0,9,6.082762530298219,3.1622776601683795,8.48528137423857
6.118594188589677,0.99,-63,3.1718178611734045,0.27,-60,8.627758761173242,0.405,-71,6,3,7,9,7,0,0,9,6.082762530298219,3.1622776601683795,8.48528137423857
6.118594188589677,1.036,-63,3.0538178611734046,0.31,-61,8.539758761173243,0.433,-73,6,3,7,9,7,0,0,9,6.082762530298219,3.1622776601683795,8.48528137423857
6.0395941885896764,1.065,-63,3.2108178611734046,0.277,-61,8.568758761173243,0.403,-73,6,3,7,9,7,0,0,9,6.082762530298219,3.1622776601683795,8.48528137423857
6.000594188589677,1.134,-64,3.0538178611734046,0.386,-60,8.539758761173243,0.399,-73,6,3,7,9,7,0,0,9,6.082762530298219,3.1622776601683795,8.48528137423857
6.000594188589677,1.092,-63,3.0538178611734046,0.352,-60,8.568758761173243,0.358,-73,6,3,7,9,7,0,0,9,6.082762530298219,3.1622776601683795,8.48528137423857
6.078594188589677,1.018,-63,3.1718178611734045,0.273,-61,8.597758761173242,0.374,-73,6,3,7,9,7,0,0,9,6.082762530298219,3.1622776601683795,8.48528137423857
6.157594188589677,0.98,-63,3.0928178611734047,0.322,-61,8.597758761173242,0.407,-73,6,3,7,9,7,0,0,9,6.082762530298219,3.1622776601683795,8.48528137423857
6.049594188589677,1.128,-58,3.2108178611734046,0.273,-61,8.568758761173243,0.381,-73,6,3,7,9,7,0,0,9,6.082762530298219,3.1622776601683795,8.48528137423857
6.0795941885896765,1.075,-63,3.1328178611734043,0.325,-61,8.539758761173243,0.433,-73,6,3,7,9,7,0,0,9,6.082762530298219,3.1622776601683795,8.48528137423857
6.000594188589677,1.064,-63,3.0538178611734046,0.353,-61,8.656758761173243,0.319,-73,6,3,7,9,7,0,0,9,6.082762530298219,3.1622776601683795,8.48528137423857
6.0395941885896764,1.115,-63,3.1328178611734043,0.298,-60,8.568758761173243,0.395,-72,6,3,7,9,7,0,0,9,6.082762530298219,3.1622776601683795,8.48528137423857
6.000594188589677,1.21,-63,3.2108178611734046,0.297,-60,8.568758761173243,0.444,-73,6,3,7,9,7,0,0,9,6.082762530298219,3.1622776601683795,8.48528137423857
6.0795941885896765,1.042,-63,3.2888178611734045,0.249,-60,8.597758761173242,0.375,-72,6,3,7,9,7,0,0,9,6.082762530298219,3.1622776601683795,8.48528137423857
6.118594188589677,1.072,-63,3.3278178611734046,0.165,-60,8.598758761173242,0.343,-72,6,3,7,9,7,0,0,9,6.082762530298219,3.1622776601683795,8.48528137423857
6.0795941885896765,1.079,-63,3.2888178611734045,0.255,-60,8.539758761173243,0.451,-72,6,3,7,9,7,0,0,9,6.082762530298219,3.1622776601683795,8.48528137423857
6.000594188589677,1.059,-63,3.3278178611734046,0.283,-60,8.510758761173243,0.468,-72,6,3,7,9,7,0,0,9,6.082762530298219,3.1622776601683795,8.48528137423857
6.0795941885896765,1.009,-63,2.8978178611734045,0.47,-60,8.539758761173243,0.472,-72,6,3,7,9,7,0,0,9,6.082762530298219,3.1622776601683795,8.48528137423857
6.000594188589677,1.079,-64,3.1328178611734043,0.386,-62,8.539758761173243,0.41,-72,6,3,7,9,7,0,0,9,6.082762530298219,3.1622776601683795,8.48528137423857
6.0395941885896764,1.023,-63,3.0538178611734046,0.364,-61,8.656758761173243,0.4,-72,6,3,7,9,7,0,0,9,6.082762530298219,3.1622776601683795,8.48528137423857
5.991594188589676,1.071,-64,3.1718178611734045,0.34,-61,8.627758761173242,0.391,-72,6,3,7,9,7,0,0,9,6.082762530298219,3.1622776601683795,8.48528137423857
6.000594188589677,1.071,-64,3.0928178611734047,0.374,-61,8.627758761173242,0.378,-72,6,3,7,9,7,0,0,9,6.082762530298219,3.1622776601683795,8.48528137423857
6.000594188589677,1.079,-63,2.9758178611734043,0.408,-61,8.568758761173243,0.46,-72,6,3,7,9,7,0,0,9,6.082762530298219,3.1622776601683795,8.48528137423857
5.991594188589676,1.115,-63,2.9758178611734043,0.414,-61,8.539758761173243,0.478,-72,6,3,7,9,7,0,0,9,6.082762530298219,3.1622776601683795,8.48528137423857
6.000594188589677,1.117,-63,2.8978178611734045,0.445,-61,8.568758761173243,0.46,-73,6,3,7,9,7,0,0,9,6.082762530298219,3.1622776601683795,8.48528137423857
6.0795941885896765,1.025,-64,2.9758178611734043,0.419,-61,8.510758761173243,0.506,-73,6,3,7,9,7,0,0,9,6.082762530298219,3.1622776601683795,8.48528137423857
5.961594188589677,1.151,-65,2.8198178611734046,0.496,-61,8.598758761173242,0.481,-73,6,3,7,9,7,0,0,9,6.082762530298219,3.1622776601683795,8.48528137423857
5.961594188589677,1.152,-64,3.0538178611734046,0.432,-61,8.656758761173243,0.4,-73,6,3,7,9,7,0,0,9,6.082762530298219,3.1622776601683795,8.48528137423857
5.961594188589677,1.126,-63,2.8978178611734045,0.396,-61,8.510758761173243,0.442,-73,6,3,7,9,7,0,0,9,6.082762530298219,3.1622776601683795,8.48528137423857
6.000594188589677,1.048,-63,2.9368178611734046,0.432,-61,8.598758761173242,0.459,-73,6,3,7,9,7,0,0,9,6.082762530298219,3.1622776601683795,8.48528137423857
6.118594188589677,0.966,-63,3.0148178611734044,0.423,-62,8.510758761173243,0.506,-73,6,3,7,9,7,0,0,9,6.082762530298219,3.1622776601683795,8.48528137423857
6.000594188589677,1.046,-63,2.9368178611734046,0.42,-61,8.598758761173242,0.431,-73,6,3,7,9,7,0,0,9,6.082762530298219,3.1622776601683795,8.48528137423857
5.961594188589677,1.05,-64,2.9368178611734046,0.303,-60,8.539758761173243,0.442,-73,6,3,7,9,7,0,0,9,6.082762530298219,3.1622776601683795,8.48528137423857
6.0395941885896764,1.026,-63,3.1718178611734045,0.249,-59,8.627758761173242,0.378,-74,6,3,7,9,7,0,0,9,6.082762530298219,3.1622776601683795,8.48528137423857
6.0395941885896764,1.069,-63,2.8978178611734045,0.414,-58,8.627758761173242,0.336,-73,6,3,7,9,7,0,0,9,6.082762530298219,3.1622776601683795,8.48528137423857
6.049594188589677,1.059,-64,3.1718178611734045,0.293,-59,8.598758761173242,0.405,-73,6,3,7,9,7,0,0,9,6.082762530298219,3.1622776601683795,8.48528137423857
6.0395941885896764,1.04,-64,3.1718178611734045,0.319,-58,8.568758761173243,0.4,-73,6,3,7,9,7,0,0,9,6.082762530298219,3.1622776601683795,8.48528137423857
5.961594188589677,1.09,-63,3.2498178611734043,0.36,-60,8.597758761173242,0.508,-73,6,3,7,9,7,0,0,9,6.082762530298219,3.1622776601683795,8.48528137423857
7.905594188589677,2.342,-63,3.2888178611734045,0.187,-60,8.539758761173243,0.472,-73,6,3,7,9,7,0,0,9,6.082762530298219,3.1622776601683795,8.48528137423857
6.0795941885896765,1.003,-63,2.9758178611734043,0.393,-60,8.480758761173243,0.456,-73,6,3,7,9,7,0,0,9,6.082762530298219,3.1622776601683795,8.48528137423857
6.0795941885896765,1.031,-63,3.1328178611734043,0.313,-59,8.598758761173242,0.409,-74,6,3,7,9,7,0,0,9,6.082762530298219,3.1622776601683795,8.48528137423857
5.9225941885896765,1.069,-63,3.2888178611734045,0.134,-60,8.598758761173242,0.442,-73,6,3,7,9,7,0,0,9,6.082762530298219,3.1622776601683795,8.48528137423857
6.020594188589676,1.056,-64,3.1718178611734045,0.272,-60,8.627758761173242,0.41,-73,6,3,7,9,7,0,0,9,6.082762530298219,3.1622776601683795,8.48528137423857
6.0795941885896765,1.053,-64,3.3278178611734046,0.215,-59,8.627758761173242,0.391,-73,6,3,7,9,7,0,0,9,6.082762530298219,3.1622776601683795,8.48528137423857
6.078594188589677,0.964,-64,3.2108178611734046,0.258,-60,8.686758761173243,0.352,-73,6,3,7,9,7,0,0,9,6.082762530298219,3.1622776601683795,8.48528137423857
6.0795941885896765,0.96,-63,3.1718178611734045,0.323,-60,8.627758761173242,0.391,-73,6,3,7,9,7,0,0,9,6.082762530298219,3.1622776601683795,8.48528137423857
6.0795941885896765,1.048,-63,3.2498178611734043,0.262,-60,8.568758761173243,0.433,-73,6,3,7,9,7,0,0,9,6.082762530298219,3.1622776601683795,8.48528137423857
6.0395941885896764,1.01,-64,3.2108178611734046,0.258,-59,8.568758761173243,0.435,-73,6,3,7,9,7,0,0,9,6.082762530298219,3.1622776601683795,8.48528137423857
6.0795941885896765,1.021,-64,3.3278178611734046,0.189,-60,8.597758761173242,0.421,-73,6,3,7,9,7,0,0,9,6.082762530298219,3.1622776601683795,8.48528137423857
8.129594188589676,2.362,-59,3.2888178611734045,0.213,-59,8.773758761173243,0.364,-74,6,3,7,9,7,0,0,9,6.082762530298219,3.1622776601683795,8.48528137423857
6.118594188589677,1.021,-65,3.2498178611734043,0.213,-59,8.715758761173243,0.436,-74,6,3,7,9,7,0,0,9,6.082762530298219,3.1622776601683795,8.48528137423857
5.961594188589677,1.143,-64,3.1328178611734043,0.273,-59,8.686758761173243,0.382,-74,6,3,7,9,7,0,0,9,6.082762530298219,3.1622776601683795,8.48528137423857
6.000594188589677,1.101,-65,3.3278178611734046,0.15,-59,8.744758761173243,0.3,-74,6,3,7,9,7,0,0,9,6.082762530298219,3.1622776601683795,8.48528137423857
6.0795941885896765,0.985,-64,3.1718178611734045,0.239,-59,8.656758761173243,0.359,-74,6,3,7,9,7,0,0,9,6.082762530298219,3.1622776601683795,8.48528137423857
6.0395941885896764,0.965,-64,3.3278178611734046,0.208,-59,8.686758761173243,0.381,-74,6,3,7,9,7,0,0,9,6.082762530298219,3.1622776601683795,8.48528137423857
6.118594188589677,1.046,-64,3.1328178611734043,0.258,-59,8.686758761173243,0.387,-74,6,3,7,9,7,0,0,9,6.082762530298219,3.1622776601683795,8.48528137423857
6.000594188589677,1.092,-64,3.1718178611734045,0.305,-59,8.656758761173243,0.403,-74,6,3,7,9,7,0,0,9,6.082762530298219,3.1622776601683795,8.48528137423857
6.000594188589677,1.107,-64,3.2108178611734046,0.243,-59,8.597758761173242,0.385,-73,6,3,7,9,7,0,0,9,6.082762530298219,3.1622776601683795,8.48528137423857
6.000594188589677,1.146,-65,3.2108178611734046,0.198,-59,8.627758761173242,0.412,-73,6,3,7,9,7,0,0,9,6.082762530298219,3.1622776601683795,8.48528137423857
5.961594188589677,1.069,-64,3.1328178611734043,0.313,-60,8.656758761173243,0.416,-73,6,3,7,9,7,0,0,9,6.082762530298219,3.1622776601683795,8.48528137423857
6.049594188589677,1.081,-64,3.1718178611734045,0.216,-60,8.715758761173243,0.397,-72,6,3,7,9,7,0,0,9,6.082762530298219,3.1622776601683795,8.48528137423857
5.991594188589676,1.139,-59,3.2888178611734045,0.241,-60,8.627758761173242,0.468,-73,6,3,7,9,7,0,0,9,6.082762530298219,3.1622776601683795,8.48528137423857
6.0795941885896765,1.066,-65,3.0148178611734044,0.352,-60,8.715758761173243,0.375,-72,6,3,7,9,7,0,0,9,6.082762530298219,3.1622776601683795,8.48528137423857
6.0395941885896764,1.065,-65,3.1328178611734043,0.336,-60,8.656758761173243,0.459,-72,6,3,7,9,7,0,0,9,6.082762530298219,3.1622776601683795,8.48528137423857
6.049594188589677,1.12,-64,3.3668178611734043,0.208,-60,8.656758761173243,0.405,-72,6,3,7,9,7,0,0,9,6.082762530298219,3.1622776601683795,8.48528137423857
6.0795941885896765,1.062,-64,3.1328178611734043,0.324,-60,8.568758761173243,0.535,-73,6,3,7,9,7,0,0,9,6.082762530298219,3.1622776601683795,8.48528137423857
6.0395941885896764,1.083,-64,3.1718178611734045,0.248,-61,8.744758761173243,0.392,-72,6,3,7,9,7,0,0,9,6.082762530298219,3.1622776601683795,8.48528137423857
6.000594188589677,1.185,-64,3.2888178611734045,0.151,-60,8.539758761173243,0.508,-73,6,3,7,9,7,0,0,9,6.082762530298219,3.1622776601683795,8.48528137423857
6.0395941885896764,1.158,-63,3.2498178611734043,0.264,-60,8.568758761173243,0.472,-73,6,3,7,9,7,0,0,9,6.082762530298219,3.1622776601683795,8.48528137423857
5.9225941885896765,1.17,-63,3.1718178611734045,0.28,-59,8.597758761173242,0.463,-73,6,3,7,9,7,0,0,9,6.082762530298219,3.1622776601683795,8.48528137423857
5.961594188589677,1.166,-65,3.0928178611734047,0.324,-60,8.685758761173243,0.438,-73,6,3,7,9,7,0,0,9,6.082762530298219,3.1622776601683795,8.48528137423857
6.118594188589677,1.055,-64,3.1718178611734045,0.273,-59,8.686758761173243,0.401,-74,6,3,7,9,7,0,0,9,6.082762530298219,3.1622776601683795,8.48528137423857
6.000594188589677,1.271,-63,3.0928178611734047,0.364,-60,8.627758761173242,0.485,-74,6,3,7,9,7,0,0,9,6.082762530298219,3.1622776601683795,8.48528137423857
5.932594188589677,1.275,-63,3.1718178611734045,0.285,-60,8.715758761173243,0.362,-74,6,3,7,9,7,0,0,9,6.082762530298219,3.1622776601683795,8.48528137423857
6.0395941885896764,1.097,-64,3.0928178611734047,0.359,-59,8.598758761173242,0.486,-74,6,3,7,9,7,0,0,9,6.082762530298219,3.1622776601683795,8.48528137423857
6.078594188589677,1.081,-64,3.1328178611734043,0.25,-60,8.773758761173243,0.38,-73,6,3,7,9,7,0,0,9,6.082762530298219,3.1622776601683795,8.48528137423857
6.0395941885896764,1.114,-64,3.2108178611734046,0.264,-59,8.627758761173242,0.489,-73,6,3,7,9,7,0,0,9,6.082762530298219,3.1622776601683795,8.48528137423857
6.0395941885896764,1.088,-64,3.0928178611734047,0.324,-59,8.597758761173242,0.444,-73,6,3,7,9,7,0,0,9,6.082762530298219,3.1622776601683795,8.48528137423857
6.157594188589677,1.073,-64,3.2108178611734046,0.301,-59,8.744758761173243,0.386,-72,6,3,7,9,7,0,0,9,6.082762530298219,3.1622776601683795,8.48528137423857
6.000594188589677,1.159,-63,3.2498178611734043,0.251,-60,8.715758761173243,0.447,-72,6,3,7,9,7,0,0,9,6.082762530298219,3.1622776601683795,8.48528137423857
6.049594188589677,1.149,-64,3.1718178611734045,0.28,-60,8.656758761173243,0.438,-72,6,3,7,9,7,0,0,9,6.082762530298219,3.1622776601683795,8.48528137423857
6.0395941885896764,1.088,-63,3.1718178611734045,0.293,-60,8.568758761173243,0.4,-73,6,3,7,9,7,0,0,9,6.082762530298219,3.1622776601683795,8.48528137423857
5.961594188589677,1.213,-64,3.2108178611734046,0.307,-60,8.656758761173243,0.4,-73,6,3,7,9,7,0,0,9,6.082762530298219,3.1622776601683795,8.48528137423857
6.040594188589677,1.043,-64,3.1328178611734043,0.284,-60,8.627758761173242,0.393,-72,6,3,7,9,7,0,0,9,6.082762530298219,3.1622776601683795,8.48528137423857
6.0795941885896765,1.131,-64,3.2498178611734043,0.292,-60,8.656758761173243,0.356,-71,6,3,7,9,7,0,0,9,6.082762530298219,3.1622776601683795,8.48528137423857
5.582594188589677,1.353,-63,3.2498178611734043,0.296,-60,8.861758761173242,0.315,-70,6,3,7,9,7,0,0,9,6.082762530298219,3.1622776601683795,8.48528137423857
6.040594188589677,1.054,-64,3.2888178611734045,0.255,-60,8.627758761173242,0.617,-70,6,3,7,9,7,0,0,9,6.082762530298219,3.1622776601683795,8.48528137423857
6.0395941885896764,1.053,-64,3.1328178611734043,0.319,-60,8.715758761173243,0.447,-73,6,3,7,9,7,0,0,9,6.082762530298219,3.1622776601683795,8.48528137423857
6.0795941885896765,1.076,-64,3.2108178611734046,0.298,-60,8.773758761173243,0.279,-69,6,3,7,9,7,0,0,9,6.082762530298219,3.1622776601683795,8.48528137423857
6.000594188589677,1.108,-63,3.1718178611734045,0.339,-60,8.510758761173243,0.694,-74,6,3,7,9,7,0,0,9,6.082762530298219,3.1622776601683795,8.48528137423857
6.0395941885896764,1.208,-63,3.2108178611734046,0.256,-60,8.744758761173243,0.509,-71,6,3,7,9,7,0,0,9,6.082762530298219,3.1622776601683795,8.48528137423857
5.9225941885896765,1.777,-58,3.2498178611734043,0.246,-60,8.861758761173242,0.235,-71,6,3,7,9,7,0,0,9,6.082762530298219,3.1622776601683795,8.48528137423857
6.157594188589677,0.95,-63,3.2498178611734043,0.261,-60,8.656758761173243,0.28,-71,6,3,7,9,7,0,0,9,6.082762530298219,3.1622776601683795,8.48528137423857
6.0395941885896764,1.049,-63,3.2888178611734045,0.229,-60,8.891758761173243,0.337,-73,6,3,7,9,7,0,0,9,6.082762530298219,3.1622776601683795,8.48528137423857
5.961594188589677,1.206,-63,3.2498178611734043,0.304,-59,8.803758761173242,0.367,-73,6,3,7,9,7,0,0,9,6.082762530298219,3.1622776601683795,8.48528137423857
6.0395941885896764,1.132,-64,3.4448178611734046,0.192,-59,8.861758761173242,0.431,-74,6,3,7,9,7,0,0,9,6.082762530298219,3.1622776601683795,8.48528137423857
6.040594188589677,1.142,-63,3.3278178611734046,0.202,-59,8.861758761173242,0.316,-73,6,3,7,9,7,0,0,9,6.082762530298219,3.1622776601683795,8.48528137423857
6.0795941885896765,1.095,-64,3.2888178611734045,0.28,-59,8.627758761173242,0.46,-73,6,3,7,9,7,0,0,9,6.082762530298219,3.1622776601683795,8.48528137423857
6.000594188589677,1.134,-63,3.2108178611734046,0.258,-59,8.803758761173242,0.324,-73,6,3,7,9,7,0,0,9,6.082762530298219,3.1622776601683795,8.48528137423857
6.118594188589677,1.003,-62,3.1718178611734045,0.317,-59,8.627758761173242,0.493,-73,6,3,7,9,7,0,0,9,6.082762530298219,3.1622776601683795,8.48528137423857
6.0395941885896764,1.13,-63,3.2888178611734045,0.222,-59,8.685758761173243,0.401,-73,6,3,7,9,7,0,0,9,6.082762530298219,3.1622776601683795,8.48528137423857
6.078594188589677,1.02,-63,3.1328178611734043,0.318,-59,8.773758761173243,0.309,-67,6,3,7,9,7,0,0,9,6.082762530298219,3.1622776601683795,8.48528137423857
6.000594188589677,1.058,-64,3.2498178611734043,0.289,-59,8.627758761173242,0.429,-72,6,3,7,9,7,0,0,9,6.082762530298219,3.1622776601683795,8.48528137423857
6.0795941885896765,1.057,-64,3.1718178611734045,0.298,-59,8.773758761173243,0.436,-73,6,3,7,9,7,0,0,9,6.082762530298219,3.1622776601683795,8.48528137423857
6.0395941885896764,1.065,-63,3.2888178611734045,0.248,-59,8.598758761173242,0.421,-73,6,3,7,9,7,0,0,9,6.082762530298219,3.1622776601683795,8.48528137423857
6.0795941885896765,1.107,-63,3.3278178611734046,0.199,-59,8.685758761173243,0.416,-72,6,3,7,9,7,0,0,9,6.082762530298219,3.1622776601683795,8.48528137423857
6.0795941885896765,1.037,-64,3.2888178611734045,0.239,-59,8.656758761173243,0.431,-73,6,3,7,9,7,0,0,9,6.082762530298219,3.1622776601683795,8.48528137423857
6.000594188589677,1.046,-64,3.2498178611734043,0.303,-59,8.656758761173243,0.395,-72,6,3,7,9,7,0,0,9,6.082762530298219,3.1622776601683795,8.48528137423857
7.437594188589677,1.955,-65,3.3278178611734046,0.233,-59,8.627758761173242,0.404,-73,6,3,7,9,7,0,0,9,6.082762530298219,3.1622776601683795,8.48528137423857
5.961594188589677,1.09,-64,3.1718178611734045,0.28,-60,8.744758761173243,0.314,-73,6,3,7,9,7,0,0,9,6.082762530298219,3.1622776601683795,8.48528137423857
5.961594188589677,1.009,-63,3.2498178611734043,0.288,-59,8.480758761173243,0.467,-73,6,3,7,9,7,0,0,9,6.082762530298219,3.1622776601683795,8.48528137423857
5.9225941885896765,1.122,-63,3.2498178611734043,0.266,-60,8.510758761173243,0.427,-73,6,3,7,9,7,0,0,9,6.082762530298219,3.1622776601683795,8.48528137423857
6.0395941885896764,1.129,-58,3.1718178611734045,0.286,-59,8.539758761173243,0.47,-73,6,3,7,9,7,0,0,9,6.082762530298219,3.1622776601683795,8.48528137423857
6.000594188589677,0.939,-63,3.3278178611734046,0.215,-59,8.451758761173243,0.46,-73,6,3,7,9,7,0,0,9,6.082762530298219,3.1622776601683795,8.48528137423857
6.000594188589677,0.997,-63,3.0928178611734047,0.311,-60,8.568758761173243,0.376,-73,6,3,7,9,7,0,0,9,6.082762530298219,3.1622776601683795,8.48528137423857
7.147594188589677,1.226,-58,3.1328178611734043,0.318,-60,8.480758761173243,0.411,-73,6,3,7,9,7,0,0,9,6.082762530298219,3.1622776601683795,8.48528137423857
5.961594188589677,1.123,-64,3.2498178611734043,0.306,-60,8.451758761173243,0.487,-74,6,3,7,9,7,0,0,9,6.082762530298219,3.1622776601683795,8.48528137423857
6.020594188589676,0.986,-65,3.2108178611734046,0.205,-59,8.422758761173244,0.45,-74,6,3,7,9,7,0,0,9,6.082762530298219,3.1622776601683795,8.48528137423857
6.000594188589677,1.195,-65,3.2108178611734046,0.303,-60,8.422758761173244,0.474,-74,6,3,7,9,7,0,0,9,6.082762530298219,3.1622776601683795,8.48528137423857
6.000594188589677,1.12,-65,3.0928178611734047,0.33,-60,8.510758761173243,0.442,-74,6,3,7,9,7,0,0,9,6.082762530298219,3.1622776601683795,8.48528137423857
6.0395941885896764,0.951,-64,3.1328178611734043,0.306,-60,8.451758761173243,0.478,-74,6,3,7,9,7,0,0,9,6.082762530298219,3.1622776601683795,8.48528137423857
6.0395941885896764,0.967,-64,3.1328178611734043,0.313,-60,8.480758761173243,0.442,-74,6,3,7,9,7,0,0,9,6.082762530298219,3.1622776601683795,8.48528137423857
6.118594188589677,0.974,-63,3.2108178611734046,0.369,-59,8.539758761173243,0.45,-74,6,3,7,9,7,0,0,9,6.082762530298219,3.1622776601683795,8.48528137423857
6.0395941885896764,0.941,-64,3.1718178611734045,0.337,-60,8.334758761173243,0.481,-74,6,3,7,9,7,0,0,9,6.082762530298219,3.1622776601683795,8.48528137423857
5.961594188589677,1.062,-64,3.2498178611734043,0.312,-60,8.510758761173243,0.396,-74,6,3,7,9,7,0,0,9,6.082762530298219,3.1622776601683795,8.48528137423857
6.000594188589677,0.927,-63,3.0538178611734046,0.358,-60,8.568758761173243,0.433,-74,6,3,7,9,7,0,0,9,6.082762530298219,3.1622776601683795,8.48528137423857
6.0395941885896764,0.924,-65,3.0538178611734046,0.425,-60,8.539758761173243,0.394,-74,6,3,7,9,7,0,0,9,6.082762530298219,3.1622776601683795,8.48528137423857
6.0795941885896765,0.89,-64,3.1718178611734045,0.323,-60,8.568758761173243,0.391,-74,6,3,7,9,7,0,0,9,6.082762530298219,3.1622776601683795,8.48528137423857
5.9225941885896765,1.008,-64,3.2498178611734043,0.214,-60,8.510758761173243,0.452,-74,6,3,7,9,7,0,0,9,6.082762530298219,3.1622776601683795,8.48528137423857
6.0395941885896764,0.951,-64,3.2108178611734046,0.256,-60,8.451758761173243,0.403,-74,6,3,7,9,7,0,0,9,6.082762530298219,3.1622776601683795,8.48528137423857
6.020594188589676,1.025,-64,3.0538178611734046,0.399,-60,8.510758761173243,0.488,-74,6,3,7,9,7,0,0,9,6.082762530298219,3.1622776601683795,8.48528137423857
5.883594188589677,1.085,-64,3.2108178611734046,0.293,-60,8.539758761173243,0.415,-74,6,3,7,9,7,0,0,9,6.082762530298219,3.1622776601683795,8.48528137423857
6.118594188589677,0.982,-64,3.1718178611734045,0.285,-60,8.539758761173243,0.456,-74,6,3,7,9,7,0,0,9,6.082762530298219,3.1622776601683795,8.48528137423857
6.000594188589677,1.056,-64,3.1328178611734043,0.352,-60,8.539758761173243,0.415,-74,6,3,7,9,7,0,0,9,6.082762530298219,3.1622776601683795,8.48528137423857
6.235594188589677,0.897,-63,3.1718178611734045,0.313,-60,8.480758761173243,0.42,-74,6,3,7,9,7,0,0,9,6.082762530298219,3.1622776601683795,8.48528137423857
5.9225941885896765,0.975,-65,3.0928178611734047,0.349,-60,8.568758761173243,0.437,-74,6,3,7,9,7,0,0,9,6.082762530298219,3.1622776601683795,8.48528137423857
6.000594188589677,1.005,-65,3.1718178611734045,0.375,-60,8.656758761173243,0.379,-74,6,3,7,9,7,0,0,9,6.082762530298219,3.1622776601683795,8.48528137423857
6.000594188589677,0.861,-65,3.0928178611734047,0.318,-60,8.568758761173243,0.405,-73,6,3,7,9,7,0,0,9,6.082762530298219,3.1622776601683795,8.48528137423857
5.9225941885896765,1.11,-64,3.0928178611734047,0.343,-60,8.627758761173242,0.397,-73,6,3,7,9,7,0,0,9,6.082762530298219,3.1622776601683795,8.48528137423857
6.0395941885896764,1.021,-65,3.1718178611734045,0.3,-60,8.598758761173242,0.365,-73,6,3,7,9,7,0,0,9,6.082762530298219,3.1622776601683795,8.48528137423857
6.049594188589677,0.971,-65,3.0928178611734047,0.33,-60,8.597758761173242,0.369,-72,6,3,7,9,7,0,0,9,6.082762530298219,3.1622776601683795,8.48528137423857
7.343594188589677,1.479,-59,3.1718178611734045,0.323,-60,8.627758761173242,0.444,-72,6,3,7,9,7,0,0,9,6.082762530298219,3.1622776601683795,8.48528137423857
6.0395941885896764,0.967,-65,3.0928178611734047,0.391,-60,8.539758761173243,0.415,-73,6,3,7,9,7,0,0,9,6.082762530298219,3.1622776601683795,8.48528137423857
5.9225941885896765,1.164,-60,3.1718178611734045,0.383,-60,8.597758761173242,0.425,-72,6,3,7,9,7,0,0,9,6.082762530298219,3.1622776601683795,8.48528137423857
6.000594188589677,0.998,-61,3.1328178611734043,0.365,-60,8.539758761173243,0.478,-72,6,3,7,9,7,0,0,9,6.082762530298219,3.1622776601683795,8.48528137423857
6.0795941885896765,0.964,-60,3.0538178611734046,0.379,-60,8.539758761173243,0.45,-71,6,3,7,9,7,0,0,9,6.082762530298219,3.1622776601683795,8.48528137423857
6.078594188589677,0.906,-65,3.1328178611734043,0.385,-60,8.656758761173243,0.456,-71,6,3,7,9,7,0,0,9,6.082762530298219,3.1622776601683795,8.48528137423857
6.0395941885896764,0.897,-65,3.1328178611734043,0.371,-60,8.539758761173243,0.415,-70,6,3,7,9,7,0,0,9,6.082762530298219,3.1622776601683795,8.48528137423857
6.0395941885896764,0.965,-65,3.0928178611734047,0.349,-60,8.598758761173242,0.421,-71,6,3,7,9,7,0,0,9,6.082762530298219,3.1622776601683795,8.48528137423857
6.0395941885896764,1.045,-64,3.1328178611734043,0.299,-60,8.597758761173242,0.403,-72,6,3,7,9,7,0,0,9,6.082762530298219,3.1622776601683795,8.48528137423857
6.118594188589677,0.97,-65,3.2498178611734043,0.29,-60,8.686758761173243,0.396,-72,6,3,7,9,7,0,0,9,6.082762530298219,3.1622776601683795,8.48528137423857
6.0795941885896765,0.99,-64,3.2498178611734043,0.292,-60,8.656758761173243,0.411,-71,6,3,7,9,7,0,0,9,6.082762530298219,3.1622776601683795,8.48528137423857
6.000594188589677,1.163,-59,3.1718178611734045,0.28,-60,8.627758761173242,0.392,-71,6,3,7,9,7,0,0,9,6.082762530298219,3.1622776601683795,8.48528137423857
6.3535941885896765,0.805,-64,3.3278178611734046,0.272,-59,8.685758761173243,0.364,-71,6,3,7,9,7,0,0,9,6.082762530298219,3.1622776601683795,8.48528137423857
5.9225941885896765,0.977,-65,3.1718178611734045,0.364,-59,8.656758761173243,0.412,-71,6,3,7,9,7,0,0,9,6.082762530298219,3.1622776601683795,8.48528137423857
5.991594188589676,0.956,-64,3.2108178611734046,0.284,-59,8.861758761173242,0.289,-72,6,3,7,9,7,0,0,9,6.082762530298219,3.1622776601683795,8.48528137423857
5.9225941885896765,0.994,-64,3.1328178611734043,0.299,-60,8.832758761173242,0.306,-71,6,3,7,9,7,0,0,9,6.082762530298219,3.1622776601683795,8.48528137423857
6.000594188589677,0.922,-59,3.2498178611734043,0.289,-60,8.656758761173243,0.39,-72,6,3,7,9,7,0,0,9,6.082762530298219,3.1622776601683795,8.48528137423857
6.000594188589677,0.99,-65,3.1328178611734043,0.341,-59,8.744758761173243,0.359,-71,6,3,7,9,7,0,0,9,6.082762530298219,3.1622776601683795,8.48528137423857
5.961594188589677,0.962,-65,3.2888178611734045,0.272,-59,8.686758761173243,0.398,-72,6,3,7,9,7,0,0,9,6.082762530298219,3.1622776601683795,8.48528137423857
6.000594188589677,0.984,-65,3.2888178611734045,0.257,-59,8.803758761173242,0.377,-72,6,3,7,9,7,0,0,9,6.082762530298219,3.1622776601683795,8.48528137423857
6.0395941885896764,0.969,-65,3.2108178611734046,0.278,-60,8.627758761173242,0.428,-71,6,3,7,9,7,0,0,9,6.082762530298219,3.1622776601683795,8.48528137423857
6.0395941885896764,0.896,-60,3.1718178611734045,0.31,-60,8.773758761173243,0.358,-71,6,3,7,9,7,0,0,9,6.082762530298219,3.1622776601683795,8.48528137423857
6.000594188589677,0.898,-65,3.2498178611734043,0.28,-60,8.686758761173243,0.398,-71,6,3,7,9,7,0,0,9,6.082762530298219,3.1622776601683795,8.48528137423857
6.0395941885896764,0.973,-65,3.1328178611734043,0.36,-60,8.803758761173242,0.404,-71,6,3,7,9,7,0,0,9,6.082762530298219,3.1622776601683795,8.48528137423857
7.924594188589677,2.072,-59,3.1718178611734045,0.31,-60,8.773758761173243,0.406,-71,6,3,7,9,7,0,0,9,6.082762530298219,3.1622776601683795,8.48528137423857
6.000594188589677,0.975,-64,3.1718178611734045,0.339,-60,8.715758761173243,0.464,-71,6,3,7,9,7,0,0,9,6.082762530298219,3.1622776601683795,8.48528137423857
5.961594188589677,1.021,-64,3.3278178611734046,0.289,-60,8.627758761173242,0.411,-71,6,3,7,9,7,0,0,9,6.082762530298219,3.1622776601683795,8.48528137423857
6.0395941885896764,0.967,-64,3.1328178611734043,0.39,-60,8.656758761173243,0.464,-71,6,3,7,9,7,0,0,9,6.082762530298219,3.1622776601683795,8.48528137423857
5.991594188589676,0.992,-64,3.2888178611734045,0.265,-60,8.656758761173243,0.416,-71,6,3,7,9,7,0,0,9,6.082762530298219,3.1622776601683795,8.48528137423857
6.0795941885896765,0.933,-63,3.1328178611734043,0.337,-60,8.597758761173242,0.434,-71,6,3,7,9,7,0,0,9,6.082762530298219,3.1622776601683795,8.48528137423857
6.118594188589677,0.869,-64,3.3278178611734046,0.213,-59,8.715758761173243,0.419,-71,6,3,7,9,7,0,0,9,6.082762530298219,3.1622776601683795,8.48528137423857
6.108594188589676,0.902,-64,3.1328178611734043,0.346,-60,8.773758761173243,0.362,-71,6,3,7,9,7,0,0,9,6.082762530298219,3.1622776601683795,8.48528137423857
6.000594188589677,0.982,-63,3.2298178611734043,0.217,-59,8.744758761173243,0.376,-71,6,3,7,9,7,0,0,9,6.082762530298219,3.1622776601683795,8.48528137423857
6.0395941885896764,0.984,-64,3.2108178611734046,0.273,-60,8.744758761173243,0.375,-71,6,3,7,9,7,0,0,9,6.082762530298219,3.1622776601683795,8.48528137423857
6.0395941885896764,0.982,-63,3.2108178611734046,0.284,-60,8.598758761173242,0.421,-72,6,3,7,9,7,0,0,9,6.082762530298219,3.1622776601683795,8.48528137423857
6.0795941885896765,0.947,-63,3.1718178611734045,0.31,-59,8.744758761173243,0.36,-71,6,3,7,9,7,0,0,9,6.082762530298219,3.1622776601683795,8.48528137423857
6.000594188589677,1.03,-64,3.1718178611734045,0.304,-59,8.773758761173243,0.403,-71,6,3,7,9,7,0,0,9,6.082762530298219,3.1622776601683795,8.48528137423857
5.961594188589677,0.968,-63,3.2108178611734046,0.303,-59,8.773758761173243,0.375,-71,6,3,7,9,7,0,0,9,6.082762530298219,3.1622776601683795,8.48528137423857
6.000594188589677,0.973,-63,3.1718178611734045,0.346,-60,8.656758761173243,0.417,-71,6,3,7,9,7,0,0,9,6.082762530298219,3.1622776601683795,8.48528137423857
6.1965941885896765,1.134,-57,3.2108178611734046,0.297,-60,8.803758761173242,0.421,-71,6,3,7,9,7,0,0,9,6.082762530298219,3.1622776601683795,8.48528137423857
6.020594188589676,0.978,-63,3.2888178611734045,0.235,-59,8.803758761173242,0.362,-71,6,3,7,9,7,0,0,9,6.082762530298219,3.1622776601683795,8.48528137423857
6.0395941885896764,0.967,-64,3.1718178611734045,0.312,-59,8.744758761173243,0.37,-71,6,3,7,9,7,0,0,9,6.082762530298219,3.1622776601683795,8.48528137423857
5.961594188589677,1.069,-64,3.2888178611734045,0.214,-59,8.832758761173242,0.331,-71,6,3,7,9,7,0,0,9,6.082762530298219,3.1622776601683795,8.48528137423857
5.961594188589677,1.017,-64,3.1328178611734043,0.258,-59,8.803758761173242,0.388,-71,6,3,7,9,7,0,0,9,6.082762530298219,3.1622776601683795,8.48528137423857
6.0395941885896764,1.003,-64,3.2888178611734045,0.28,-59,8.832758761173242,0.386,-71,6,3,7,9,7,0,0,9,6.082762530298219,3.1622776601683795,8.48528137423857
6.078594188589677,0.988,-65,3.0538178611734046,0.386,-60,8.832758761173242,0.363,-71,6,3,7,9,7,0,0,9,6.082762530298219,3.1622776601683795,8.48528137423857
6.000594188589677,0.967,-65,3.0538178611734046,0.38,-60,8.773758761173243,0.376,-71,6,3,7,9,7,0,0,9,6.082762530298219,3.1622776601683795,8.48528137423857
6.157594188589677,0.922,-65,3.1328178611734043,0.325,-60,8.627758761173242,0.405,-70,6,3,7,9,7,0,0,9,6.082762530298219,3.1622776601683795,8.48528137423857
6.078594188589677,0.982,-64,3.0938178611734046,0.31,-60,8.627758761173242,0.468,-70,6,3,7,9,7,0,0,9,6.082762530298219,3.1622776601683795,8.48528137423857
6.000594188589677,1.085,-65,3.2108178611734046,0.293,-60,8.686758761173243,0.49,-70,6,3,7,9,7,0,0,9,6.082762530298219,3.1622776601683795,8.48528137423857
5.961594188589677,1.025,-64,3.2498178611734043,0.223,-59,8.715758761173243,0.422,-70,6,3,7,9,7,0,0,9,6.082762530298219,3.1622776601683795,8.48528137423857
6.0795941885896765,0.99,-63,3.0538178611734046,0.39,-59,8.744758761173243,0.41,-70,6,3,7,9,7,0,0,9,6.082762530298219,3.1622776601683795,8.48528137423857
6.078594188589677,1.023,-64,3.1328178611734043,0.291,-59,8.773758761173243,0.447,-70,6,3,7,9,7,0,0,9,6.082762530298219,3.1622776601683795,8.48528137423857
6.000594188589677,1.015,-65,3.2108178611734046,0.303,-60,8.686758761173243,0.438,-71,6,3,7,9,7,0,0,9,6.082762530298219,3.1622776601683795,8.48528137423857
6.000594188589677,1.046,-64,3.0928178611734047,0.429,-59,8.686758761173243,0.493,-71,6,3,7,9,7,0,0,9,6.082762530298219,3.1622776601683795,8.48528137423857
5.9225941885896765,1.073,-64,3.0538178611734046,0.342,-59,8.627758761173242,0.504,-71,6,3,7,9,7,0,0,9,6.082762530298219,3.1622776601683795,8.48528137423857
5.883594188589677,1.062,-64,3.1718178611734045,0.305,-59,8.568758761173243,0.513,-70,6,3,7,9,7,0,0,9,6.082762530298219,3.1622776601683795,8.48528137423857
6.020594188589676,0.96,-64,3.1718178611734045,0.323,-59,8.627758761173242,0.502,-70,6,3,7,9,7,0,0,9,6.082762530298219,3.1622776601683795,8.48528137423857
5.961594188589677,1.017,-64,3.0928178611734047,0.374,-60,8.598758761173242,0.501,-70,6,3,7,9,7,0,0,9,6.082762530298219,3.1622776601683795,8.48528137423857
6.0395941885896764,1.028,-58,3.1328178611734043,0.318,-59,8.597758761173242,0.405,-71,6,3,7,9,7,0,0,9,6.082762530298219,3.1622776601683795,8.48528137423857
6.000594188589677,0.96,-63,3.2108178611734046,0.285,-60,8.715758761173243,0.431,-71,6,3,7,9,7,0,0,9,6.082762530298219,3.1622776601683795,8.48528137423857
5.903594188589676,1.037,-64,3.2108178611734046,0.36,-59,8.685758761173243,0.403,-71,6,3,7,9,7,0,0,9,6.082762530298219,3.1622776601683795,8.48528137423857
5.9225941885896765,0.992,-64,3.0938178611734046,0.365,-59,8.744758761173243,0.486,-71,6,3,7,9,7,0,0,9,6.082762530298219,3.1622776601683795,8.48528137423857
6.000594188589677,1.002,-59,3.1718178611734045,0.298,-59,8.598758761173242,0.442,-71,6,3,7,9,7,0,0,9,6.082762530298219,3.1622776601683795,8.48528137423857
5.932594188589677,1.023,-63,3.2498178611734043,0.284,-60,8.773758761173243,0.361,-70,6,3,7,9,7,0,0,9,6.082762530298219,3.1622776601683795,8.48528137423857
5.961594188589677,0.984,-63,3.0928178611734047,0.297,-59,8.627758761173242,0.417,-70,6,3,7,9,7,0,0,9,6.082762530298219,3.1622776601683795,8.48528137423857
5.961594188589677,0.969,-63,3.0538178611734046,0.353,-59,8.744758761173243,0.411,-71,6,3,7,9,7,0,0,9,6.082762530298219,3.1622776601683795,8.48528137423857
5.932594188589677,1.04,-62,3.2108178611734046,0.226,-59,8.715758761173243,0.422,-71,6,3,7,9,7,0,0,9,6.082762530298219,3.1622776601683795,8.48528137423857
5.991594188589676,0.974,-63,3.1718178611734045,0.337,-60,8.773758761173243,0.374,-71,6,3,7,9,7,0,0,9,6.082762530298219,3.1622776601683795,8.48528137423857
6.078594188589677,0.932,-63,3.0928178611734047,0.365,-60,8.686758761173243,0.415,-71,6,3,7,9,7,0,0,9,6.082762530298219,3.1622776601683795,8.48528137423857
6.0395941885896764,0.996,-63,3.0928178611734047,0.384,-60,8.656758761173243,0.416,-71,6,3,7,9,7,0,0,9,6.082762530298219,3.1622776601683795,8.48528137423857
6.0795941885896765,0.945,-62,3.1718178611734045,0.279,-60,8.744758761173243,0.42,-71,6,3,7,9,7,0,0,9,6.082762530298219,3.1622776601683795,8.48528137423857
5.961594188589677,1.005,-62,3.1718178611734045,0.317,-60,8.627758761173242,0.386,-71,6,3,7,9,7,0,0,9,6.082762530298219,3.1622776601683795,8.48528137423857
5.961594188589677,0.974,-63,3.1718178611734045,0.3,-60,8.686758761173243,0.381,-71,6,3,7,9,7,0,0,9,6.082762530298219,3.1622776601683795,8.48528137423857
5.844594188589677,1.039,-63,3.2108178611734046,0.316,-59,8.744758761173243,0.32,-71,6,3,7,9,7,0,0,9,6.082762530298219,3.1622776601683795,8.48528137423857
8.007594188589676,2.003,-58,3.2108178611734046,0.285,-60,8.715758761173243,0.342,-71,6,3,7,9,7,0,0,9,6.082762530298219,3.1622776601683795,8.48528137423857
5.9225941885896765,1.059,-63,3.0928178611734047,0.364,-60,8.773758761173243,0.337,-71,6,3,7,9,7,0,0,9,6.082762530298219,3.1622776601683795,8.48528137423857
6.000594188589677,1.033,-64,3.2108178611734046,0.242,-60,8.861758761173242,0.361,-71,6,3,7,9,7,0,0,9,6.082762530298219,3.1622776601683795,8.48528137423857
5.991594188589676,0.998,-65,3.0928178611734047,0.324,-60,8.597758761173242,0.42,-70,6,3,7,9,7,0,0,9,6.082762530298219,3.1622776601683795,8.48528137423857
5.883594188589677,1.073,-64,3.1328178611734043,0.311,-59,8.627758761173242,0.423,-71,6,3,7,9,7,0,0,9,6.082762530298219,3.1622776601683795,8.48528137423857
6.000594188589677,0.999,-63,3.2108178611734046,0.324,-60,8.744758761173243,0.36,-71,6,3,7,9,7,0,0,9,6.082762530298219,3.1622776601683795,8.48528137423857
