AP1RTT,AP1STDEV,AP1RSS,AP2RTT,AP2STDEV,AP2RSS,AP3RTT,AP3STDEV,AP3RSS,x,y,x1,y1,x2,y2,x3,y3
4.039,0.657,-54,7.405,0.716,-67,5.793,0.364,-62,5,7,7,9,7,0,0,9
3.951,0.472,-54,8.577,1.106,-70,5.852,0.427,-66,5,7,7,9,7,0,0,9
4.039,0.68,-54,7.092,0.433,-62,5.881,0.53,-68,5,7,7,9,7,0,0,9
4.068,0.451,-54,10.071,0.577,-65,5.852,0.375,-67,5,7,7,9,7,0,0,9
4.391,0.322,-54,7.913,1.922,-64,5.412,0.786,-66,5,7,7,9,7,0,0,9
4.195,0.481,-54,8.079,0.494,-65,5.764,0.613,-62,5,7,7,9,7,0,0,9
4.469,0.907,-54,6.506,0.702,-64,5.881,1.338,-67,5,7,7,9,7,0,0,9
4.742,0.334,-54,8.967,0.266,-63,5.881,0.385,-64,5,7,7,9,7,0,0,9
4.547,0.377,-54,11.038,1.208,-64,5.998,0.165,-65,5,7,7,9,7,0,0,9
4.859,0.291,-54,7.61,0.529,-62,5.92,0.083,-64,5,7,7,9,7,0,0,9
4.703,0.855,-54,10.881,1.98,-64,5.706,0.691,-74,5,7,7,9,7,0,0,9
4.469,0.4,-54,7.873,1.684,-65,6.057,0.266,-60,5,7,7,9,7,0,0,9
4.351,0.062,-54,8.137,1.173,-63,6.204,0.723,-60,5,7,7,9,7,0,0,9
3.922,0.872,-54,8.108,1.529,-64,5.881,1.065,-61,5,7,7,9,7,0,0,9
3.453,1.291,-54,6.819,0.603,-62,5.735,1.621,-68,5,7,7,9,7,0,0,9
4.547,0.324,-49,10.881,0.334,-64,5.764,0.687,-67,5,7,7,9,7,0,0,9
4.717,0.439,-54,7.873,2.013,-63,5.412,0.863,-65,5,7,7,9,7,0,0,9
3.961,0.884,-54,7.932,1.499,-63,5.647,0.565,-69,5,7,7,9,7,0,0,9
4,0.709,-54,7.639,1.857,-63,6.174,0.458,-65,5,7,7,9,7,0,0,9
3.805,0.874,-54,8.401,1.629,-64,6.116,0.472,-64,5,7,7,9,7,0,0,9
4.078,0.828,-54,8.664,1.202,-62,5.852,1.315,-62,5,7,7,9,7,0,0,9
3.883,0.792,-54,8.049,2.085,-64,6.204,0.249,-60,5,7,7,9,7,0,0,9
4.156,0.622,-54,7.698,1.619,-64,5.998,0.432,-65,5,7,7,9,7,0,0,9
4.117,0.703,-54,12.014,0.241,-65,5.911,1.071,-63,5,7,7,9,7,0,0,9
3.883,0.936,-54,9.25,1.464,-65,5.969,1.061,-61,5,7,7,9,7,0,0,9
4.117,0.674,-54,8.049,1.578,-64,5.998,0.183,-64,5,7,7,9,7,0,0,9
4.039,0.682,-54,8.254,1.385,-64,5.706,1.045,-62,5,7,7,9,7,0,0,9
3.961,0.881,-53,7.903,1.63,-63,5.823,0.68,-66,5,7,7,9,7,0,0,9
4.234,0.631,-49,8.137,1.399,-62,5.94,0.085,-65,5,7,7,9,7,0,0,9
3.961,0.821,-49,8.137,1.398,-62,5.94,0.166,-65,5,7,7,9,7,0,0,9
4.156,0.644,-54,8.02,1.479,-62,5.706,0.926,-65,5,7,7,9,7,0,0,9
4.117,0.648,-54,8.254,1.481,-63,5.735,0.873,-66,5,7,7,9,7,0,0,9
4.078,0.677,-53,8.899,1.267,-64,5.676,1.002,-63,5,7,7,9,7,0,0,9
4.078,0.765,-57,10.95,0.819,-65,5.823,0.64,-63,5,7,7,9,7,0,0,9
4.117,0.658,-52,10.276,1.05,-66,5.764,0.764,-65,5,7,7,9,7,0,0,9
4.156,0.669,-53,8.87,1.197,-65,5.881,0.508,-64,5,7,7,9,7,0,0,9
4,0.832,,8.02,1.555,-65,5.706,0.808,-65,5,7,7,9,7,0,0,9
4.117,0.688,,10.51,1.273,-63,5.706,0.997,-62,5,7,7,9,7,0,0,9
4.156,0.683,,7.717,0.981,-63,5.911,0.722,-64,5,7,7,9,7,0,0,9
3.961,0.753,,7.366,0.617,-67,5.764,0.756,-63,5,7,7,9,7,0,0,9
4.156,0.669,,11.038,0.156,-65,5.793,0.644,-65,5,7,7,9,7,0,0,9
4.078,0.708,,7.014,2.387,-64,5.793,0.657,-64,5,7,7,9,7,0,0,9
4.117,0.709,,8.147,1.637,-64,5.764,0.699,-64,5,7,7,9,7,0,0,9
4,0.849,,7.053,1.08,-64,5.823,0.61,-63,5,7,7,9,7,0,0,9
4.156,0.696,,7.366,1.438,-65,5.793,0.657,-64,5,7,7,9,7,0,0,9
4.039,0.728,,6.858,1.232,-66,5.823,0.634,-64,5,7,7,9,7,0,0,9
3.883,0.839,,7.209,1.348,-67,5.764,0.604,-63,5,7,7,9,7,0,0,9
4.039,0.668,,8.147,1.234,-69,5.852,0.619,-64,5,7,7,9,7,0,0,9
4.078,0.635,,10.627,0.127,-65,5.852,0.577,-64,5,7,7,9,7,0,0,9
4.078,0.626,,10.686,0.091,-63,5.793,0.634,-64,5,7,7,9,7,0,0,9
3.844,0.867,,9.631,0.888,-67,5.764,0.604,-64,5,7,7,9,7,0,0,9
3.961,0.736,,7.678,0.151,-67,5.823,0.574,-64,5,7,7,9,7,0,0,9
4.117,0.674,,7.678,0.272,-68,5.764,0.661,-64,5,7,7,9,7,0,0,9
3.883,0.967,,7.581,0.199,-65,5.793,0.588,-64,5,7,7,9,7,0,0,9
3.883,0.834,,7.053,0.125,-66,5.793,0.567,-64,5,7,7,9,7,0,0,9
3.922,0.769,,6.467,0.517,-61,5.823,0.584,-64,5,7,7,9,7,0,0,9
4.156,0.641,,6.506,0.506,-61,5.735,0.615,-64,5,7,7,9,7,0,0,9
4.117,0.688,,6.702,0.512,-62,5.823,0.613,-64,5,7,7,9,7,0,0,9
3.961,0.811,,6.702,0.46,-62,5.852,0.603,-64,5,7,7,9,7,0,0,9
4.078,0.708,,7.61,0.784,-63,5.881,0.566,-64,5,7,7,9,7,0,0,9
4.117,0.706,,6.741,0.466,-64,5.764,0.623,-64,5,7,7,9,7,0,0,9
4.039,0.706,,7.873,1.066,-66,5.881,0.641,-64,5,7,7,9,7,0,0,9
3.883,0.831,,7.17,0.463,-65,5.823,0.577,-64,5,7,7,9,7,0,0,9
3.922,0.753,,6.506,1.077,-64,5.735,0.677,-64,5,7,7,9,7,0,0,9
4.039,0.696,,6.467,0.742,-66,5.764,0.581,-64,5,7,7,9,7,0,0,9
4.078,0.795,,6.936,0.729,-64,5.881,0.572,-64,5,7,7,9,7,0,0,9
4.078,0.708,,7.248,0.342,-65,5.793,0.594,-64,5,7,7,9,7,0,0,9
4.039,0.775,,7.327,0.587,-66,5.793,0.597,-64,5,7,7,9,7,0,0,9
4.078,0.909,,7.405,1.765,-61,5.764,0.61,-64,5,7,7,9,7,0,0,9
4.195,0.895,,6.897,0.446,-64,5.764,0.68,-64,5,7,7,9,7,0,0,9
4.039,0.668,,7.639,1.27,-64,5.823,0.596,-64,5,7,7,9,7,0,0,9
3.922,0.934,,7.053,0.447,-68,5.764,0.62,-64,5,7,7,9,7,0,0,9
4.078,0.686,,6.467,0.57,-63,5.852,0.561,-64,5,7,7,9,7,0,0,9
4.234,0.607,,7.522,0.403,-66,5.793,0.557,-64,5,7,7,9,7,0,0,9
4.039,0.777,,7.092,0.471,-63,5.823,0.592,-65,5,7,7,9,7,0,0,9
4,0.85,,6.78,0.53,-62,5.881,0,-64,5,7,7,9,7,0,0,9
4.156,0.726,,7.786,1.191,-62,5.823,0.599,-64,5,7,7,9,7,0,0,9
3.883,0.95,,6.663,0.598,-63,5.735,0.642,-64,5,7,7,9,7,0,0,9
3.805,0.972,,7.639,0.533,-63,5.793,0.6,-64,5,7,7,9,7,0,0,9
4,0.732,,6.702,0.485,-63,5.735,0.599,-64,5,7,7,9,7,0,0,9
4.078,0.678,,7.014,0.351,-63,5.764,0.622,-64,5,7,7,9,7,0,0,9
4.156,0.682,,7.815,0.394,-64,5.735,0.628,-64,5,7,7,9,7,0,0,9
4,0.658,,7.815,0.6,-64,5.764,0.623,-64,5,7,7,9,7,0,0,9
4.156,0.744,,7.698,0.766,-64,5.793,0.6,-64,5,7,7,9,7,0,0,9
4.039,0.812,,8.196,1.274,-66,5.764,0.622,-64,5,7,7,9,7,0,0,9
3.922,1.117,,7.434,1.213,-65,5.764,0.673,-64,5,7,7,9,7,0,0,9
3.883,0.89,,6.506,0.605,-62,5.823,0.668,-64,5,7,7,9,7,0,0,9
3.981,0.804,,6.741,0.532,-61,5.793,0.631,-64,5,7,7,9,7,0,0,9
4.039,0.696,,6.702,0.537,-61,5.852,0.587,-64,5,7,7,9,7,0,0,9
4.078,0.677,,6.584,0.605,-61,5.823,0.61,-64,5,7,7,9,7,0,0,9
4,0.828,,6.936,0.484,-63,5.764,0.623,-64,5,7,7,9,7,0,0,9
4.156,0.644,,8.108,0.694,-65,5.793,0.628,-64,5,7,7,9,7,0,0,9
4.039,0.668,,7.873,0.748,-66,5.823,0.618,-64,5,7,7,9,7,0,0,9
4,0.676,,7.815,0.368,-66,5.911,0.549,-64,5,7,7,9,7,0,0,9
4,0.732,,7.844,1.882,-67,5.823,0.596,-64,5,7,7,9,7,0,0,9
4.156,0.653,,7.903,2.344,-67,5.793,0.631,-64,5,7,7,9,7,0,0,9
4.156,0.672,,8.02,2.619,-66,5.764,0.622,-64,5,7,7,9,7,0,0,9
3.961,0.823,,8.518,0.992,-66,5.823,0.65,-64,5,7,7,9,7,0,0,9
4.156,0.698,,8.811,0.181,-65,5.764,0.699,-64,5,7,7,9,7,0,0,9
3.805,0.842,,7.561,1.727,-63,5.852,0.606,-64,5,7,7,9,7,0,0,9
4.952,0.838,,7.287,0.264,-60,5.793,0.64,-64,5,7,7,9,7,0,0,9
3.961,0.809,,5.647,1.051,-62,5.823,0.561,-64,5,7,7,9,7,0,0,9
4,0.818,,6.037,0.842,-65,5.764,0.626,-64,5,7,7,9,7,0,0,9
4.039,0.682,,6.35,0.718,-63,5.852,0.562,-64,5,7,7,9,7,0,0,9
4.039,0.753,,6.741,1.17,-63,5.764,0.623,-64,5,7,7,9,7,0,0,9
4.117,0.674,,7.551,1.495,-63,5.793,0.594,-64,5,7,7,9,7,0,0,9
4.156,0.669,,7.727,0.996,-61,5.823,0.638,-64,5,7,7,9,7,0,0,9
3.961,0.782,,7.483,0.228,-62,5.852,0.57,-64,5,7,7,9,7,0,0,9
3.883,0.896,,6.78,0.472,-63,5.793,0.62,-64,5,7,7,9,7,0,0,9
4.039,0.727,,7.786,1.027,-63,5.764,0.644,-64,5,7,7,9,7,0,0,9
4,0.732,,7.786,1.494,-64,5.852,0.603,-64,5,7,7,9,7,0,0,9
4.039,0.696,,7.209,0.272,-64,5.735,0.677,-64,5,7,7,9,7,0,0,9
4.078,0.708,,7.405,0.2,-64,5.793,0.584,-64,5,7,7,9,7,0,0,9
4.078,0.736,,7.727,1.401,-62,5.911,0.587,-64,5,7,7,9,7,0,0,9
4.156,0.656,,6.975,0.409,-64,5.823,0.599,-64,5,7,7,9,7,0,0,9
3.775,1.021,,7.483,0.259,-63,5.764,0.623,-64,5,7,7,9,7,0,0,9
4,0.832,,7.668,1.551,-63,5.881,0.526,-64,5,7,7,9,7,0,0,9
3.961,0.708,,7.522,0.212,-64,5.764,0.644,-64,5,7,7,9,7,0,0,9
4.156,0.696,,7.053,0.427,-64,5.823,0.614,-64,5,7,7,9,7,0,0,9
4,0.732,,6.897,0.434,-64,5.852,0.582,-64,5,7,7,9,7,0,0,9
4.117,0.711,,7.082,0.294,-64,5.793,0.625,-64,5,7,7,9,7,0,0,9
4.156,0.638,,7.668,1.303,-63,5.764,0.622,-64,5,7,7,9,7,0,0,9
4.117,0.658,,7.756,0.948,-63,5.764,0.626,-64,5,7,7,9,7,0,0,9
4.195,0.708,,6.663,0.614,-64,5.852,0.558,-64,5,7,7,9,7,0,0,9
4.039,0.756,,7.727,1.333,-65,5.735,0.683,-64,5,7,7,9,7,0,0,9
4.039,0.798,,7.366,0.204,-65,5.823,0.597,-64,5,7,7,9,7,0,0,9
4.039,0.798,,6.428,0.632,-64,5.793,0.657,-64,5,7,7,9,7,0,0,9
4.156,0.638,,7.17,0.265,-62,5.823,0.574,-64,5,7,7,9,7,0,0,9
4,0.715,,7.561,0.166,-65,5.852,0.527,-64,5,7,7,9,7,0,0,9
4.039,0.696,,7.961,1.141,-65,5.793,0.65,-64,5,7,7,9,7,0,0,9
4.156,0.672,,7.903,1.171,-62,5.823,0.58,-64,5,7,7,9,7,0,0,9
4.156,0.647,,6.702,0.485,-63,5.852,0.581,-64,5,7,7,9,7,0,0,9
4.156,0.696,,6.584,0.447,-63,5.793,0.591,-64,5,7,7,9,7,0,0,9
4.039,0.668,,7.287,0.24,-63,5.823,0.614,-64,5,7,7,9,7,0,0,9
4.039,0.651,,7.991,1.393,-64,5.793,0.65,-64,5,7,7,9,7,0,0,9
4,0.807,,7.209,0.283,-65,5.823,0.669,-64,5,7,7,9,7,0,0,9
4.156,0.638,,7.668,1.499,-64,5.735,0.683,-64,5,7,7,9,7,0,0,9
4.156,0.841,,7.668,1.576,-65,5.852,0.581,-64,5,7,7,9,7,0,0,9
3.961,0.736,,7.727,1.39,-63,5.764,0.623,-64,5,7,7,9,7,0,0,9
4.156,0.672,,7.756,1.327,-63,5.852,0.6,-64,5,7,7,9,7,0,0,9
4,0.715,,7.17,0.338,-62,5.764,0.604,-64,5,7,7,9,7,0,0,9
3.883,0.876,,7.727,1.509,-63,5.881,0.587,-64,5,7,7,9,7,0,0,9
4.039,0.714,,7.366,0.233,-64,5.764,0.611,-64,5,7,7,9,7,0,0,9
4.156,0.712,,7.405,0.225,-63,5.823,0.613,-64,5,7,7,9,7,0,0,9
4,0.825,,7.288,0.273,-63,5.793,0.645,-64,5,7,7,9,7,0,0,9
4.522,0.781,,7.678,1.289,-65,5.793,0.607,-64,5,7,7,9,7,0,0,9
4,0.834,,7.668,1.13,-63,5.764,0.661,-64,5,7,7,9,7,0,0,9
4.195,0.664,,6.35,0.698,-63,5.764,0.635,-64,5,7,7,9,7,0,0,9
4.117,0.691,,6.702,0.537,-63,5.823,0.556,-64,5,7,7,9,7,0,0,9
4.039,0.828,,7.287,0.265,-64,5.793,0.6,-64,5,7,7,9,7,0,0,9
4.117,0.716,,6.975,0.414,-64,5.764,0.601,-64,5,7,7,9,7,0,0,9
4.039,0.696,,7.248,0.265,-64,5.764,0.688,-64,5,7,7,9,7,0,0,9
3.981,0.789,,7.288,0.252,-64,5.823,0.602,-64,5,7,7,9,7,0,0,9
3.883,0.873,,7.522,0.21,-63,5.793,0.631,-64,5,7,7,9,7,0,0,9
3.961,0.826,,7.209,0.343,-63,5.823,0.624,-64,5,7,7,9,7,0,0,9
3.961,0.78,,7.288,0.346,-63,5.881,0.611,-64,5,7,7,9,7,0,0,9
3.961,0.825,,7.17,0.344,-64,5.823,0.584,-64,5,7,7,9,7,0,0,9
4,0.847,,7.678,0.057,-63,5.793,0.6,-64,5,7,7,9,7,0,0,9
4,0.822,,7.756,1.093,-63,5.793,0.668,-64,5,7,7,9,7,0,0,9
4.039,0.717,,7.248,0.245,-64,5.764,0.624,-64,5,7,7,9,7,0,0,9
4.039,0.682,,7.17,0.24,-64,5.735,0.623,-64,5,7,7,9,7,0,0,9
4.01,0.714,,6.78,0.42,-64,5.823,0.599,-64,5,7,7,9,7,0,0,9
4,0.804,,6.78,0.395,-64,5.852,0.619,-64,5,7,7,9,7,0,0,9
4,0.714,,6.585,0.553,-65,5.793,0.637,-64,5,7,7,9,7,0,0,9
4.117,0.674,,6.78,0.451,-64,5.823,0.62,-64,5,7,7,9,7,0,0,9
4.156,0.72,,6.584,0.546,-64,5.764,0.623,-64,5,7,7,9,7,0,0,9
4.078,0.635,,6.741,0.438,-65,5.793,0.691,-64,5,7,7,9,7,0,0,9
4.156,0.682,,6.78,0.424,-64,5.764,0.645,-64,5,7,7,9,7,0,0,9
4.352,0.588,,6.936,0.329,-64,5.764,0.661,-64,5,7,7,9,7,0,0,9
4.039,0.801,,6.975,0.41,-64,5.764,0.629,-64,5,7,7,9,7,0,0,9
4.039,0.728,,7.092,0.294,-65,5.852,0.558,-64,5,7,7,9,7,0,0,9
4.039,0.743,,6.702,0.485,-64,5.764,0.642,-64,5,7,7,9,7,0,0,9
4.039,0.675,,7.053,0.326,-65,5.793,0.626,-64,5,7,7,9,7,0,0,9
4.039,0.798,,6.78,0.42,-64,5.823,0.596,-64,5,7,7,9,7,0,0,9
4.039,0.711,,6.819,0.476,-64,5.793,0.664,-64,5,7,7,9,7,0,0,9
4.078,0.736,,6.858,0.438,-65,5.823,0.616,-64,5,7,7,9,7,0,0,9
3.922,0.902,,6.663,0.504,-64,5.823,0.596,-64,5,7,7,9,7,0,0,9
4.039,0.814,,6.702,0.472,-64,5.793,0.588,-64,5,7,7,9,7,0,0,9
4,0.807,,6.819,0.411,-65,5.823,0.574,-64,5,7,7,9,7,0,0,9
4.078,0.677,,6.936,0.371,-64,5.793,0.574,-64,5,7,7,9,7,0,0,9
4.234,0.59,,6.819,0.42,-64,5.852,0.588,-64,5,7,7,9,7,0,0,9
4.039,0.784,,6.858,0.391,-65,5.793,0.617,-64,5,7,7,9,7,0,0,9
3.922,0.814,,7.014,0.306,-65,5.764,0.604,-64,5,7,7,9,7,0,0,9
4.127,0.732,,7.014,0.347,-65,5.793,0.597,-64,5,7,7,9,7,0,0,9
4.156,0.682,,6.897,0.424,-65,5.823,0.581,-64,5,7,7,9,7,0,0,9
4.195,0.681,,7.053,0.365,-64,5.793,0.628,-64,5,7,7,9,7,0,0,9
4.156,0.653,,7.248,0.259,-64,5.852,0.573,-64,5,7,7,9,7,0,0,9
4.117,0.658,,6.975,0.363,-64,5.852,0.562,-64,5,7,7,9,7,0,0,9
4.078,0.693,,6.858,0.409,-64,5.793,0.655,-64,5,7,7,9,7,0,0,9
3.922,0.844,,6.975,0.409,-65,5.852,0.565,-64,5,7,7,9,7,0,0,9
4,0.792,,6.858,0.469,-65,5.852,0.562,-64,5,7,7,9,7,0,0,9
4.039,0.711,,6.858,0.414,-64,5.881,0.569,-64,5,7,7,9,7,0,0,9
3.844,0.953,,6.78,0.428,-65,5.852,0.609,-64,5,7,7,9,7,0,0,9
4.039,0.696,,6.702,0.493,-65,5.735,0.619,-64,5,7,7,9,7,0,0,9
4.078,0.693,,6.78,0.451,-65,5.735,0.622,-64,5,7,7,9,7,0,0,9
4.117,0.637,,6.819,0.429,-65,5.823,0.613,-64,5,7,7,9,7,0,0,9
4.078,0.708,,6.702,0.456,-65,5.793,0.609,-64,5,7,7,9,7,0,0,9
4.156,0.653,,6.975,0.392,-64,5.881,0.53,-64,5,7,7,9,7,0,0,9
4.156,0.682,,6.897,0.388,-64,5.793,0.65,-64,5,7,7,9,7,0,0,9
4.078,0.667,,6.975,0.378,-65,5.793,0.634,-64,5,7,7,9,7,0,0,9
4.039,0.727,,6.975,0.332,-65,5.764,0.623,-64,5,7,7,9,7,0,0,9
4.117,0.607,,7.092,0.319,-65,5.764,0.642,-64,5,7,7,9,7,0,0,9
4,0.689,,6.936,0.358,-65,5.735,0.699,-64,5,7,7,9,7,0,0,9
3.922,1.035,,6.897,0.374,-65,5.793,0.628,-64,5,7,7,9,7,0,0,9
4.156,0.821,,6.897,0.42,-65,5.764,0.679,-64,5,7,7,9,7,0,0,9
4.078,0.693,,6.819,0.449,-64,5.793,0.593,-64,5,7,7,9,7,0,0,9
4.039,0.696,,6.936,0.412,-65,5.852,0.628,-64,5,7,7,9,7,0,0,9
4.039,0.686,,6.78,0.467,-65,5.852,0.584,-64,5,7,7,9,7,0,0,9
4,0.732,,6.78,0.457,-65,5.852,0.603,-64,5,7,7,9,7,0,0,9
3.961,0.913,,6.819,0.446,-65,5.735,0.657,-64,5,7,7,9,7,0,0,9
3.961,0.708,,6.897,0.374,-65,5.823,0.617,-64,5,7,7,9,7,0,0,9
4.078,0.795,,6.819,0.447,-65,5.764,0.664,-64,5,7,7,9,7,0,0,9
4,0.719,,6.975,0.352,-65,5.793,0.628,-64,5,7,7,9,7,0,0,9
4.195,0.678,,7.014,0.318,-65,5.823,0.62,-64,5,7,7,9,7,0,0,9
4.117,0.716,,7.131,0.352,-65,5.764,0.644,-64,5,7,7,9,7,0,0,9
3.961,0.811,,6.936,0.409,-65,5.793,0.61,-64,5,7,7,9,7,0,0,9
4.156,0.696,,6.897,0.415,-65,5.793,0.634,-64,5,7,7,9,7,0,0,9
4.078,0.711,,6.858,0.395,-65,5.881,0.583,-64,5,7,7,9,7,0,0,9
3.961,0.811,,7.014,0.357,-65,5.764,0.604,-64,5,7,7,9,7,0,0,9
4.117,0.79,,6.78,0.454,-65,5.881,0.603,-64,5,7,7,9,7,0,0,9
4,0.85,,6.819,0.45,-65,5.852,0.606,-64,5,7,7,9,7,0,0,9
4.078,0.78,,6.819,0.472,-65,5.823,0.552,-64,5,7,7,9,7,0,0,9
4,0.673,,6.936,0.394,-65,5.852,0.588,-64,5,7,7,9,7,0,0,9
4.039,0.699,,6.858,0.42,-65,5.764,0.622,-64,5,7,7,9,7,0,0,9
4.117,0.731,,6.897,0.404,-65,5.735,0.622,-64,5,7,7,9,7,0,0,9
4.039,0.756,,6.975,0.395,-65,5.676,0.667,-64,5,7,7,9,7,0,0,9
3.961,0.843,,7.092,0.33,-64,5.764,0.604,-64,5,7,7,9,7,0,0,9
4,0.777,,6.936,0.311,-65,5.823,0.553,-64,5,7,7,9,7,0,0,9
4.039,0.828,,6.975,0.32,-65,5.793,0.691,-64,5,7,7,9,7,0,0,9
4.039,0.798,,7.014,0.343,-65,5.852,0.622,-64,5,7,7,9,7,0,0,9
4.039,0.682,,6.897,0.391,-65,5.735,0.62,-64,5,7,7,9,7,0,0,9
5.303,1.066,,6.897,0.392,-64,5.764,0.61,-64,5,7,7,9,7,0,0,9
4.039,0.829,,6.819,0.412,-65,5.852,0.639,-64,5,7,7,9,7,0,0,9
4.117,0.674,,7.053,0.322,-65,5.852,0.558,-64,5,7,7,9,7,0,0,9
4.078,0.736,,7.053,0.312,-65,5.793,0.615,-64,5,7,7,9,7,0,0,9
3.961,0.838,,6.858,0.432,-65,5.764,0.588,-64,5,7,7,9,7,0,0,9
4,0.755,,6.975,0.379,-64,5.793,0.59,-63,5,7,7,9,7,0,0,9
3.883,0.928,,7.053,0.34,-65,5.735,0.662,-64,5,7,7,9,7,0,0,9
3.922,0.844,,7.092,0.251,-64,5.793,0.609,-64,5,7,7,9,7,0,0,9
4.039,0.714,,7.014,0.336,-65,5.852,0.577,-64,5,7,7,9,7,0,0,9
3.883,0.847,,7.014,0.357,-65,5.764,0.642,-64,5,7,7,9,7,0,0,9
4.039,0.827,,6.975,0.37,-64,5.764,0.611,-64,5,7,7,9,7,0,0,9
4.078,0.677,,7.014,0.338,-65,5.793,0.587,-64,5,7,7,9,7,0,0,9
4.078,0.664,,6.975,0.355,-65,5.793,0.609,-64,5,7,7,9,7,0,0,9
4.039,0.699,,6.897,0.375,-65,5.823,0.615,-64,5,7,7,9,7,0,0,9
4.039,0.814,,6.936,0.375,-64,5.852,0.587,-64,5,7,7,9,7,0,0,9
3.961,0.825,,6.78,0.494,-65,5.823,0.637,-64,5,7,7,9,7,0,0,9
4.078,0.738,,6.819,0.437,-65,5.793,0.609,-64,5,7,7,9,7,0,0,9
4.078,0.641,,6.858,0.382,-64,5.793,0.59,-64,5,7,7,9,7,0,0,9
4,0.715,,6.975,0.376,-65,5.823,0.588,-64,5,7,7,9,7,0,0,9
4.117,0.658,,6.897,0.391,-65,5.764,0.588,-64,5,7,7,9,7,0,0,9
3.883,0.862,,6.936,0.375,-64,5.793,0.594,-64,5,7,7,9,7,0,0,9
4.117,0.674,,6.858,0.362,-65,5.735,0.615,-64,5,7,7,9,7,0,0,9
4,0.715,,6.936,0.409,-64,5.823,0.655,-64,5,7,7,9,7,0,0,9
4.078,0.677,,6.858,0.421,-65,5.823,0.581,-64,5,7,7,9,7,0,0,9
4,0.796,,6.741,0.504,-65,5.823,0.574,-64,5,7,7,9,7,0,0,9
3.961,0.825,,6.35,0.614,-64,5.764,0.604,-64,5,7,7,9,7,0,0,9
4.234,0.651,,6.78,0.419,-64,5.793,0.59,-64,5,7,7,9,7,0,0,9
5.069,0.981,,7.551,0.988,-64,5.823,0.632,-64,5,7,7,9,7,0,0,9
4,0.953,,7.492,1.428,-63,5.793,0.625,-64,5,7,7,9,7,0,0,9
4.117,0.706,,7.405,1.311,-64,5.793,0.61,-64,5,7,7,9,7,0,0,9
3.883,0.95,,6.897,0.391,-64,5.793,0.67,-64,5,7,7,9,7,0,0,9
4.078,0.785,,6.819,0.417,-64,5.823,0.613,-64,5,7,7,9,7,0,0,9
4.195,0.662,,6.663,0.524,-65,5.852,0.569,-64,5,7,7,9,7,0,0,9
4.117,0.674,,6.858,0.409,-65,5.823,0.581,-64,5,7,7,9,7,0,0,9
4.078,0.677,,6.741,0.462,-64,5.793,0.619,-64,5,7,7,9,7,0,0,9
5.108,0.985,,6.858,0.424,-64,5.823,0.617,-64,5,7,7,9,7,0,0,9
3.893,0.907,,6.897,0.396,-65,5.823,0.637,-64,5,7,7,9,7,0,0,9
4.156,0.659,,7.014,0.366,-65,5.793,0.571,-64,5,7,7,9,7,0,0,9
4.039,0.682,,7.092,0.337,-65,5.823,0.637,-64,5,7,7,9,7,0,0,9
3.922,0.842,,6.936,0.375,-65,5.823,0.606,-64,5,7,7,9,7,0,0,9
4.156,0.656,,7.053,0.353,-65,5.852,0.577,-64,5,7,7,9,7,0,0,9
3.883,0.92,,6.897,0.37,-64,5.793,0.628,-64,5,7,7,9,7,0,0,9
4.039,0.682,,6.897,0.397,-65,5.823,0.606,-64,5,7,7,9,7,0,0,9
4.039,0.682,,6.858,0.438,-65,5.706,0.669,-64,5,7,7,9,7,0,0,9
4.039,0.786,,6.819,0.403,-64,5.852,0.562,-64,5,7,7,9,7,0,0,9
4.195,0.635,,6.741,0.495,-64,5.823,0.556,-64,5,7,7,9,7,0,0,9
4.039,0.696,,6.78,0.484,-65,5.823,0.61,-64,5,7,7,9,7,0,0,9
3.922,0.832,,6.819,0.461,-65,5.881,0.515,-64,5,7,7,9,7,0,0,9
3.961,0.837,,6.936,0.375,-65,5.881,0.509,-64,5,7,7,9,7,0,0,9
4,0.807,,6.936,0.399,-64,5.764,0.667,-64,5,7,7,9,7,0,0,9
3.883,0.881,,6.897,0.429,-65,5.764,0.632,-64,5,7,7,9,7,0,0,9
4.078,0.677,,7.092,0.336,-65,5.881,0.554,-64,5,7,7,9,7,0,0,9
4.156,0.656,,7.014,0.334,-64,5.764,0.645,-64,5,7,7,9,7,0,0,9
4.039,0.832,,6.975,0.379,-65,5.793,0.616,-64,5,7,7,9,7,0,0,9
4,0.749,,7.092,0.341,-65,5.823,0.614,-64,5,7,7,9,7,0,0,9
3.922,0.83,,6.936,0.39,-65,5.823,0.559,-64,5,7,7,9,7,0,0,9
3.844,0.983,,6.975,0.349,-64,5.735,0.656,-64,5,7,7,9,7,0,0,9
3.883,0.852,,6.819,0.422,-65,5.852,0.603,-64,5,7,7,9,7,0,0,9
3.883,0.821,,7.014,0.348,-65,5.852,0.562,-64,5,7,7,9,7,0,0,9
4.078,0.751,,7.014,0.36,-65,5.823,0.583,-64,5,7,7,9,7,0,0,9
4.234,0.542,,6.897,0.386,-65,5.823,0.602,-64,5,7,7,9,7,0,0,9
4.117,0.716,,7.053,0.33,-65,5.764,0.584,-64,5,7,7,9,7,0,0,9
4.156,0.656,,6.975,0.324,-65,5.881,0.572,-64,5,7,7,9,7,0,0,9
4.117,0.674,,6.897,0.4,-65,5.852,0.584,-64,5,7,7,9,7,0,0,9
4,0.807,,6.819,0.386,-64,5.823,0.581,-64,5,7,7,9,7,0,0,9
4,0.804,,6.897,0.411,-64,5.793,0.628,-64,5,7,7,9,7,0,0,9
5.03,1.001,,6.858,0.447,-65,5.735,0.639,-64,5,7,7,9,7,0,0,9
4.039,0.801,,7.053,0.332,-64,5.881,0.537,-64,5,7,7,9,7,0,0,9
4.156,0.606,,6.858,0.413,-64,5.852,0.546,-64,5,7,7,9,7,0,0,9
3.844,0.981,,6.975,0.364,-65,5.793,0.61,-64,5,7,7,9,7,0,0,9
4.156,0.675,,6.858,0.425,-65,5.764,0.667,-64,5,7,7,9,7,0,0,9
4.156,0.696,,6.897,0.375,-65,5.852,0.538,-64,5,7,7,9,7,0,0,9
4.873,0.909,,6.975,0.355,-65,5.793,0.634,-64,5,7,7,9,7,0,0,9
4.117,0.619,,7.014,0.357,-64,5.793,0.631,-64,5,7,7,9,7,0,0,9
3.922,0.814,,7.014,0.332,-65,5.764,0.641,-64,5,7,7,9,7,0,0,9
3.961,0.816,,7.131,0.305,-64,5.793,0.594,-64,5,7,7,9,7,0,0,9
3.961,0.769,,6.897,0.38,-65,5.852,0.587,-64,5,7,7,9,7,0,0,9
4.039,0.83,,7.053,0.334,-65,5.793,0.617,-64,5,7,7,9,7,0,0,9
4,0.838,,7.014,0.385,-64,5.881,0.573,-64,5,7,7,9,7,0,0,9
3.883,0.92,,7.014,0.366,-65,5.764,0.607,-64,5,7,7,9,7,0,0,9
4.039,0.71,,6.975,0.32,-64,5.735,0.615,-64,5,7,7,9,7,0,0,9
4.039,0.801,,6.936,0.364,-65,5.793,0.571,-64,5,7,7,9,7,0,0,9
5.03,1.02,,6.936,0.384,-65,5.764,0.603,-64,5,7,7,9,7,0,0,9
4,0.792,,6.858,0.409,-65,5.793,0.577,-64,5,7,7,9,7,0,0,9
4.039,0.727,,6.975,0.4,-64,5.852,0.585,-64,5,7,7,9,7,0,0,9
3.883,0.896,,6.897,0.323,-57,5.793,0.61,-64,5,7,7,9,7,0,0,9
3.883,0.849,,7.492,1.329,-63,5.735,0.639,-64,5,7,7,9,7,0,0,9
3.922,0.798,,7.483,0.2,-64,5.881,0.566,-64,5,7,7,9,7,0,0,9
4.195,0.593,,7.522,1.363,-63,5.764,0.607,-64,5,7,7,9,7,0,0,9
4,0.661,,7.581,1.325,-63,5.823,0.624,-64,5,7,7,9,7,0,0,9
4.156,0.798,,6.702,0.417,-64,5.793,0.634,-64,5,7,7,9,7,0,0,9
4.039,0.786,,7.581,1.467,-63,5.793,0.631,-64,5,7,7,9,7,0,0,9
3.883,0.876,,7.405,0.152,-63,5.735,0.623,-64,5,7,7,9,7,0,0,9
3.961,0.851,,7.092,0.285,-64,5.764,0.619,-64,5,7,7,9,7,0,0,9
3.922,1.017,,7.053,0.332,-63,5.911,0.534,-64,5,7,7,9,7,0,0,9
4.078,0.655,,6.897,0.313,-63,5.793,0.607,-64,5,7,7,9,7,0,0,9
4.078,0.724,,7.053,0.299,-63,5.852,0.616,-64,5,7,7,9,7,0,0,9
4.117,0.744,,7.092,0.207,-63,5.793,0.628,-64,5,7,7,9,7,0,0,9
4.039,1.019,,6.975,0.317,-63,5.823,0.579,-64,5,7,7,9,7,0,0,9
4.078,0.677,,7.053,0.303,-65,5.764,0.586,-64,5,7,7,9,7,0,0,9
4.039,0.932,,7.053,0.293,-63,5.823,0.603,-64,5,7,7,9,7,0,0,9
3.961,0.858,,7.327,0.138,-63,5.793,0.625,-64,5,7,7,9,7,0,0,9
4.273,0.638,,7.17,0.28,-63,5.793,0.555,-64,5,7,7,9,7,0,0,9
4.117,0.685,,7.053,0.294,-64,5.793,0.628,-64,5,7,7,9,7,0,0,9
4.117,0.658,,7.366,0.223,-64,5.793,0.628,-64,5,7,7,9,7,0,0,9
4.039,0.711,,6.936,0.392,-63,5.823,0.559,-64,5,7,7,9,7,0,0,9
4.156,0.682,,7.014,0.271,-63,5.793,0.634,-64,5,7,7,9,7,0,0,9
3.766,0.992,,7.014,0.265,-63,5.823,0.634,-64,5,7,7,9,7,0,0,9
4.117,0.702,,6.975,0.29,-63,5.793,0.594,-64,5,7,7,9,7,0,0,9
4,0.774,,6.741,0.412,-63,5.852,0.584,-64,5,7,7,9,7,0,0,9
4.195,0.562,,6.78,0.419,-64,5.94,0.536,-64,5,7,7,9,7,0,0,9
3.883,0.821,,6.897,0.404,-63,5.852,0.599,-64,5,7,7,9,7,0,0,9
4.156,0.583,,6.936,0.381,-63,5.823,0.584,-64,5,7,7,9,7,0,0,9
4.078,0.795,,6.975,0.291,-64,5.852,0.584,-64,5,7,7,9,7,0,0,9
4.117,0.691,,6.741,0.408,-64,5.793,0.595,-64,5,7,7,9,7,0,0,9
4.078,0.722,,6.741,0.418,-63,5.852,0.581,-64,5,7,7,9,7,0,0,9
4.717,0.754,,6.936,0.341,-63,5.735,0.639,-64,5,7,7,9,7,0,0,9
4.117,0.749,,6.623,0.486,-63,5.764,0.629,-64,5,7,7,9,7,0,0,9
4.156,0.596,,6.663,0.448,-63,5.823,0.599,-64,5,7,7,9,7,0,0,9
4.078,0.741,,6.78,0.405,-63,5.852,0.58,-64,5,7,7,9,7,0,0,9
3.883,0.922,,6.623,0.459,-64,5.764,0.623,-64,5,7,7,9,7,0,0,9
4.039,0.789,,6.702,0.476,-63,5.823,0.563,-64,5,7,7,9,7,0,0,9
4,0.807,,6.702,0.476,-63,5.881,0.533,-64,5,7,7,9,7,0,0,9
3.922,0.887,,6.858,0.375,-63,5.823,0.599,-64,5,7,7,9,7,0,0,9
3.961,0.823,,7.17,0.232,-63,5.735,0.612,-64,5,7,7,9,7,0,0,9
4.156,0.638,,7.17,0.185,-63,5.764,0.604,-64,5,7,7,9,7,0,0,9
3.961,0.793,,7.58,1.001,-63,5.881,0.623,-64,5,7,7,9,7,0,0,9
3.961,0.801,,6.858,0.332,-63,5.881,0.522,-64,5,7,7,9,7,0,0,9
4,0.784,,7.522,1.368,-64,5.881,0.529,-64,5,7,7,9,7,0,0,9
4.039,0.745,,7.366,0.151,-63,5.852,0.558,-64,5,7,7,9,7,0,0,9
4.156,0.698,,7.639,0.958,-63,5.764,0.565,-64,5,7,7,9,7,0,0,9
4.039,0.814,,7.287,0.256,-63,5.764,0.604,-64,5,7,7,9,7,0,0,9
4.078,0.693,,7.493,1.472,-62,5.852,0.565,-64,5,7,7,9,7,0,0,9
4,0.76,,6.936,0.346,-63,5.764,0.604,-64,5,7,7,9,7,0,0,9
4.117,0.677,,7.014,0.332,-63,5.823,0.596,-64,5,7,7,9,7,0,0,9
4.324,0.866,,6.858,0.359,-63,5.764,0.604,-64,5,7,7,9,7,0,0,9
3.922,0.842,,7.053,0.273,-64,5.852,0.553,-64,5,7,7,9,7,0,0,9
4.195,0.626,,7.092,0.301,-63,5.793,0.628,-64,5,7,7,9,7,0,0,9
4.039,0.786,,6.585,0.53,-63,5.852,0.584,-64,5,7,7,9,7,0,0,9
4.078,0.65,,6.741,0.462,-64,5.735,0.639,-64,5,7,7,9,7,0,0,9
3.961,0.758,,6.662,0.505,-65,5.881,0.556,-64,5,7,7,9,7,0,0,9
4.078,0.708,,6.663,0.485,-64,5.823,0.556,-64,5,7,7,9,7,0,0,9
4.078,0.673,,6.624,0.542,-65,5.735,0.616,-64,5,7,7,9,7,0,0,9
3.922,0.874,,6.506,0.563,-65,5.852,0.606,-64,5,7,7,9,7,0,0,9
4.078,0.751,,6.506,0.582,-64,5.852,0.546,-64,5,7,7,9,7,0,0,9
3.922,0.842,,6.663,0.533,-64,5.881,0.565,-64,5,7,7,9,7,0,0,9
4.039,0.746,,6.585,0.553,-64,5.852,0.559,-64,5,7,7,9,7,0,0,9
4.273,0.538,,6.506,0.568,-64,5.793,0.555,-64,5,7,7,9,7,0,0,9
4.156,0.599,,6.545,0.54,-64,5.823,0.584,-64,5,7,7,9,7,0,0,9
3.951,0.801,,6.467,0.61,-64,5.823,0.606,-64,5,7,7,9,7,0,0,9
4,0.777,,6.545,0.569,-64,5.852,0.559,-64,5,7,7,9,7,0,0,9
4.098,0.688,,6.545,0.565,-64,5.793,0.631,-64,5,7,7,9,7,0,0,9
4.117,0.827,,6.428,0.626,-64,5.823,0.602,-64,5,7,7,9,7,0,0,9
4.078,0.74,,6.467,0.587,-64,5.793,0.619,-64,5,7,7,9,7,0,0,9
3.883,0.934,,6.467,0.59,-64,5.881,0.568,-64,5,7,7,9,7,0,0,9
3.922,0.827,,6.428,0.594,-64,5.793,0.59,-64,5,7,7,9,7,0,0,9
4.127,0.677,,6.545,0.562,-64,5.823,0.584,-64,5,7,7,9,7,0,0,9
4.117,0.658,,6.506,0.578,-64,5.793,0.593,-64,5,7,7,9,7,0,0,9
3.961,0.826,,6.623,0.52,-64,5.823,0.574,-64,5,7,7,9,7,0,0,9
4.078,0.722,,6.663,0.489,-64,5.764,0.623,-64,5,7,7,9,7,0,0,9
3.961,0.858,,6.624,0.556,-64,5.764,0.588,-64,5,7,7,9,7,0,0,9
3.844,0.942,,6.585,0.522,-64,5.881,0.604,-64,5,7,7,9,7,0,0,9
4,0.847,,6.624,0.528,-64,5.852,0.603,-64,5,7,7,9,7,0,0,9
3.961,0.78,,6.584,0.56,-64,5.852,0.566,-64,5,7,7,9,7,0,0,9
3.883,0.909,,6.584,0.533,-64,5.735,0.615,-64,5,7,7,9,7,0,0,9
4.039,0.814,,6.467,0.623,-64,5.823,0.61,-64,5,7,7,9,7,0,0,9
4,0.804,,6.467,0.587,-64,5.823,0.599,-64,5,7,7,9,7,0,0,9
4.156,0.669,,6.545,0.558,-64,5.793,0.673,-64,5,7,7,9,7,0,0,9
4.039,0.696,,6.35,0.61,-64,5.852,0.609,-64,5,7,7,9,7,0,0,9
4.117,0.706,,6.389,0.641,-63,5.793,0.631,-64,5,7,7,9,7,0,0,9
3.961,0.823,,6.428,0.616,-64,5.911,0.53,-64,5,7,7,9,7,0,0,9
3.961,0.944,,6.389,0.62,-64,5.852,0.572,-64,5,7,7,9,7,0,0,9
4.039,0.798,,6.35,0.694,-64,5.823,0.613,-64,5,7,7,9,7,0,0,9
4.078,0.738,,6.506,0.566,-64,5.852,0.561,-64,5,7,7,9,7,0,0,9
3.961,0.796,,6.467,0.624,-63,5.793,0.651,-64,5,7,7,9,7,0,0,9
4,0.792,,6.428,0.597,-63,5.735,0.702,-64,5,7,7,9,7,0,0,9
4,0.804,,6.467,0.587,-63,5.852,0.642,-64,5,7,7,9,7,0,0,9
4,0.818,,6.35,0.641,-63,5.764,0.626,-64,5,7,7,9,7,0,0,9
3.883,0.934,,6.389,0.598,-63,5.852,0.606,-64,5,7,7,9,7,0,0,9
4.039,0.812,,6.545,0.501,-63,5.735,0.696,-64,5,7,7,9,7,0,0,9
4.117,0.674,,6.506,0.572,-63,5.823,0.584,-64,5,7,7,9,7,0,0,9
4.117,0.658,,6.506,0.547,-63,5.764,0.644,-64,5,7,7,9,7,0,0,9
4.117,0.658,,6.389,0.629,-63,5.823,0.617,-64,5,7,7,9,7,0,0,9
3.961,0.708,,6.35,0.599,-63,5.823,0.576,-64,5,7,7,9,7,0,0,9
4.117,0.731,,6.428,0.608,-63,5.764,0.608,-64,5,7,7,9,7,0,0,9
4,0.789,,6.428,0.625,-63,5.764,0.604,-64,5,7,7,9,7,0,0,9
4,0.818,,6.389,0.614,-63,5.735,0.677,-64,5,7,7,9,7,0,0,9
3.883,0.849,,6.35,0.671,-63,5.706,0.668,-64,5,7,7,9,7,0,0,9
4.078,0.809,,6.428,0.604,-63,5.823,0.596,-64,5,7,7,9,7,0,0,9
4.156,0.685,,6.35,0.662,-63,5.823,0.588,-64,5,7,7,9,7,0,0,9
4.039,0.814,,6.389,0.613,-63,5.823,0.606,-64,5,7,7,9,7,0,0,9
4.078,0.677,,6.389,0.588,-63,5.852,0.636,-64,5,7,7,9,7,0,0,9
3.922,0.771,,6.389,0.647,-63,5.852,0.584,-64,5,7,7,9,7,0,0,9
4.039,0.696,,6.428,0.597,-63,5.793,0.567,-64,5,7,7,9,7,0,0,9
3.844,0.953,,6.35,0.624,-63,5.823,0.563,-64,5,7,7,9,7,0,0,9
3.922,0.856,,6.389,0.569,-63,5.852,0.602,-64,5,7,7,9,7,0,0,9
4.078,0.736,,6.506,0.523,-63,5.881,0.589,-64,5,7,7,9,7,0,0,9
4.078,0.722,,6.428,0.606,-63,5.793,0.61,-64,5,7,7,9,7,0,0,9
4.156,0.698,,6.389,0.629,-63,5.793,0.617,-64,5,7,7,9,7,0,0,9
4.039,0.737,,6.389,0.605,-63,5.793,0.587,-64,5,7,7,9,7,0,0,9
3.961,0.904,,6.428,0.626,-63,5.793,0.634,-64,5,7,7,9,7,0,0,9
4.156,0.696,,6.467,0.529,-63,5.823,0.638,-64,5,7,7,9,7,0,0,9
3.883,0.832,,6.467,0.583,-64,5.764,0.68,-64,5,7,7,9,7,0,0,9
3.961,0.796,,6.545,0.532,-64,5.881,0.573,-64,5,7,7,9,7,0,0,9
4,0.792,,6.506,0.592,-64,5.911,0.537,-64,5,7,7,9,7,0,0,9
4.039,0.696,,6.467,0.6,-64,5.911,0.552,-64,5,7,7,9,7,0,0,9
4,0.876,,6.428,0.607,-63,5.793,0.61,-64,5,7,7,9,7,0,0,9
4.195,0.653,,6.506,0.56,-64,5.793,0.637,-64,5,7,7,9,7,0,0,9
4,0.837,,6.584,0.58,-64,5.823,0.616,-64,5,7,7,9,7,0,0,9
3.961,0.809,,6.585,0.481,-64,5.764,0.583,-64,5,7,7,9,7,0,0,9
3.805,1.001,,6.624,0.507,-63,5.793,0.655,-64,5,7,7,9,7,0,0,9
4.078,0.824,,6.623,0.48,-64,5.852,0.566,-64,5,7,7,9,7,0,0,9
3.883,0.843,,6.545,0.531,-64,5.735,0.639,-64,5,7,7,9,7,0,0,9
3.961,0.866,,6.584,0.482,-63,5.764,0.623,-64,5,7,7,9,7,0,0,9
4.039,0.696,,6.545,0.581,-64,5.823,0.675,-64,5,7,7,9,7,0,0,9
3.961,0.851,,6.663,0.473,-64,5.881,0.566,-64,5,7,7,9,7,0,0,9
4,0.804,,6.584,0.556,-64,5.881,0.626,-64,5,7,7,9,7,0,0,9
4.039,0.696,,6.584,0.537,-64,5.823,0.661,-64,5,7,7,9,7,0,0,9
3.961,0.851,,6.545,0.513,-64,5.852,0.599,-64,5,7,7,9,7,0,0,9
4.078,0.722,,6.545,0.541,-64,5.793,0.607,-64,5,7,7,9,7,0,0,9
4.078,0.677,,6.584,0.567,-64,5.823,0.542,-64,5,7,7,9,7,0,0,9
3.883,0.931,,6.506,0.553,-64,5.852,0.578,-64,5,7,7,9,7,0,0,9
4.795,0.74,,6.545,0.531,-64,5.911,0.552,-64,5,7,7,9,7,0,0,9
5.069,0.996,,6.584,0.478,-64,5.852,0.562,-64,5,7,7,9,7,0,0,9
3.922,0.87,,6.545,0.562,-64,5.764,0.623,-64,5,7,7,9,7,0,0,9
4.078,0.751,,6.663,0.435,-64,5.793,0.628,-64,5,7,7,9,7,0,0,9
4,0.796,,6.662,0.473,-64,5.852,0.584,-64,5,7,7,9,7,0,0,9
4.068,0.682,,6.624,0.468,-64,5.823,0.58,-64,5,7,7,9,7,0,0,9
4.834,0.732,,6.702,0.481,-64,5.823,0.613,-64,5,7,7,9,7,0,0,9
4.366,0.653,,6.662,0.44,-64,5.852,0.578,-64,5,7,7,9,7,0,0,9
4.156,0.696,,6.897,0.344,-64,5.823,0.618,-64,5,7,7,9,7,0,0,9
4.156,0.653,,6.975,0.355,-64,5.823,0.618,-64,5,7,7,9,7,0,0,9
3.883,0.881,,7.053,0.301,-64,5.823,0.62,-64,5,7,7,9,7,0,0,9
4.078,0.687,,6.975,0.311,-64,5.881,0.603,-64,5,7,7,9,7,0,0,9
4.078,0.766,,6.858,0.414,-64,5.764,0.623,-64,5,7,7,9,7,0,0,9
4.117,0.716,,6.819,0.42,-64,5.764,0.707,-64,5,7,7,9,7,0,0,9
4.039,0.761,,6.897,0.332,-64,5.823,0.637,-64,5,7,7,9,7,0,0,9
4,0.792,,6.741,0.388,-63,5.852,0.666,-64,5,7,7,9,7,0,0,9
4.117,0.805,,6.741,0.437,-63,5.852,0.562,-64,5,7,7,9,7,0,0,9
4.039,0.805,,6.702,0.387,-63,5.852,0.573,-64,5,7,7,9,7,0,0,9
4.078,0.677,,6.584,0.489,-63,5.793,0.631,-64,5,7,7,9,7,0,0,9
4.522,0.751,,6.506,0.504,-63,5.823,0.634,-64,5,7,7,9,7,0,0,9
3.922,0.93,,6.545,0.456,-63,5.852,0.606,-64,5,7,7,9,7,0,0,9
4.117,0.749,,6.389,0.588,-63,5.881,0.543,-64,5,7,7,9,7,0,0,9
3.961,1.115,,6.428,0.584,-63,5.823,0.616,-64,5,7,7,9,7,0,0,9
4.078,0.677,,6.585,0.494,-63,5.852,0.644,-64,5,7,7,9,7,0,0,9
4.156,0.696,,6.702,0.448,-63,5.852,0.603,-64,5,7,7,9,7,0,0,9
4.078,0.798,,6.78,0.441,-64,5.852,0.573,-64,5,7,7,9,7,0,0,9
4.039,0.696,,6.663,0.5,-63,5.764,0.645,-64,5,7,7,9,7,0,0,9
4.078,0.699,,6.623,0.474,-63,5.852,0.636,-64,5,7,7,9,7,0,0,9
4.078,0.809,,6.506,0.567,-63,5.764,0.68,-64,5,7,7,9,7,0,0,9
4.039,0.802,,6.624,0.451,-63,5.911,0.553,-64,5,7,7,9,7,0,0,9
4.43,0.755,,6.624,0.462,-63,5.764,0.661,-64,5,7,7,9,7,0,0,9
4.117,0.648,,6.819,0.396,-63,5.852,0.577,-64,5,7,7,9,7,0,0,9
3.844,0.969,,6.741,0.459,-63,5.793,0.587,-64,5,7,7,9,7,0,0,9
4,0.779,,6.584,0.513,-63,5.764,0.683,-64,5,7,7,9,7,0,0,9
4.117,0.901,,6.506,0.581,-63,5.735,0.642,-64,5,7,7,9,7,0,0,9
4,0.821,,6.584,0.546,-63,5.764,0.68,-64,5,7,7,9,7,0,0,9
4.48,0.701,,6.624,0.52,-63,5.823,0.65,-64,5,7,7,9,7,0,0,9
4.117,0.736,,6.545,0.547,-63,5.764,0.667,-64,5,7,7,9,7,0,0,9
4.195,0.593,,6.467,0.573,-64,5.881,0.664,-64,5,7,7,9,7,0,0,9
4.078,0.693,,6.506,0.585,-64,5.764,0.617,-64,5,7,7,9,7,0,0,9
4.195,0.653,,6.428,0.619,-64,5.823,0.61,-64,5,7,7,9,7,0,0,9
3.883,0.965,,6.428,0.581,-64,5.793,0.688,-64,5,7,7,9,7,0,0,9
4.156,0.672,,6.545,0.569,-63,5.793,0.674,-64,5,7,7,9,7,0,0,9
3.922,0.842,,6.545,0.591,-63,5.823,0.632,-64,5,7,7,9,7,0,0,9
4.039,0.798,,6.506,0.539,-63,5.881,0.629,-64,5,7,7,9,7,0,0,9
4.078,0.811,,6.584,0.521,-63,5.823,0.678,-64,5,7,7,9,7,0,0,9
4,0.832,,6.545,0.577,-63,5.764,0.702,-64,5,7,7,9,7,0,0,9
4.273,0.586,,6.584,0.517,-64,5.823,0.635,-64,5,7,7,9,7,0,0,9
3.961,0.888,,6.663,0.5,-64,5.823,0.637,-64,5,7,7,9,7,0,0,9
4.078,0.809,,6.623,0.495,-63,5.881,0.61,-64,5,7,7,9,7,0,0,9
4.156,0.653,,6.702,0.417,-63,5.881,0.566,-64,5,7,7,9,7,0,0,9
4.873,0.885,,6.545,0.54,-63,5.823,0.592,-64,5,7,7,9,7,0,0,9
3.961,0.766,,6.428,0.606,-63,5.823,0.586,-64,5,7,7,9,7,0,0,9
4.039,0.696,,6.506,0.552,-63,5.881,0.604,-64,5,7,7,9,7,0,0,9
4.156,0.698,,6.506,0.566,-63,5.852,0.616,-64,5,7,7,9,7,0,0,9
4.039,0.696,,6.467,0.563,-63,5.735,0.677,-64,5,7,7,9,7,0,0,9
3.961,0.736,,6.506,0.56,-63,5.793,0.665,-64,5,7,7,9,7,0,0,9
4.039,0.827,,6.584,0.56,-63,5.764,0.661,-64,5,7,7,9,7,0,0,9
4.117,0.658,,6.584,0.506,-63,5.793,0.657,-64,5,7,7,9,7,0,0,9
3.922,0.827,,6.545,0.527,-63,5.706,0.65,-64,5,7,7,9,7,0,0,9
3.883,0.831,,6.545,0.504,-63,5.764,0.651,-64,5,7,7,9,7,0,0,9
4.117,0.674,,6.467,0.56,-63,5.764,0.68,-64,5,7,7,9,7,0,0,9
3.883,0.889,,6.389,0.587,-63,5.735,0.656,-64,5,7,7,9,7,0,0,9
4.156,0.602,,6.506,0.572,-63,5.852,0.603,-64,5,7,7,9,7,0,0,9
4.156,0.712,,6.428,0.617,-63,5.764,0.623,-64,5,7,7,9,7,0,0,9
4.156,0.669,,6.467,0.59,-63,5.793,0.631,-64,5,7,7,9,7,0,0,9
3.922,0.869,,7.014,0.352,-63,5.823,0.596,-64,5,7,7,9,7,0,0,9
4.234,0.559,,6.78,0.459,-63,5.823,0.653,-64,5,7,7,9,7,0,0,9
4.078,0.693,,6.506,0.543,-63,5.823,0.633,-64,5,7,7,9,7,0,0,9
3.922,0.844,,7.053,0.255,-63,5.764,0.683,-64,5,7,7,9,7,0,0,9
4.078,0.678,,7.014,0.296,-64,5.823,0.614,-64,5,7,7,9,7,0,0,9
4.156,0.638,,7.014,0.338,-64,5.764,0.623,-64,5,7,7,9,7,0,0,9
3.961,0.751,,6.936,0.3,-63,5.823,0.617,-64,5,7,7,9,7,0,0,9
4.039,1.035,,7.131,0.255,-63,5.823,0.658,-64,5,7,7,9,7,0,0,9
3.922,0.858,,6.702,0.431,-63,5.852,0.581,-64,5,7,7,9,7,0,0,9
4.117,0.691,,6.78,0.394,-63,5.764,0.604,-64,5,7,7,9,7,0,0,9
3.922,0.83,,6.663,0.462,-63,5.793,0.609,-64,5,7,7,9,7,0,0,9
4.402,0.633,,6.663,0.461,-63,5.852,0.609,-64,5,7,7,9,7,0,0,9
4.068,0.664,,6.663,0.421,-63,5.793,0.665,-64,5,7,7,9,7,0,0,9
5.108,0.959,,6.662,0.448,-63,5.823,0.577,-64,5,7,7,9,7,0,0,9
4.195,0.695,,6.545,0.512,-63,5.793,0.61,-64,5,7,7,9,7,0,0,9
4.068,0.782,,6.623,0.47,-63,5.852,0.619,-64,5,7,7,9,7,0,0,9
4.195,0.623,,6.545,0.493,-63,5.823,0.613,-64,5,7,7,9,7,0,0,9
3.883,0.847,,6.624,0.435,-63,5.823,0.606,-64,5,7,7,9,7,0,0,9
4.039,0.812,,6.545,0.533,-63,5.823,0.6,-64,5,7,7,9,7,0,0,9
4.078,0.677,,6.702,0.417,-63,5.793,0.648,-64,5,7,7,9,7,0,0,9
4.039,1.035,,6.741,0.392,-63,5.793,0.571,-64,5,7,7,9,7,0,0,9
4.195,0.653,,6.819,0.345,-63,5.823,0.599,-64,5,7,7,9,7,0,0,9
4.117,0.658,,6.78,0.414,-63,5.793,0.59,-64,5,7,7,9,7,0,0,9
4.156,0.672,,6.584,0.451,-63,5.823,0.584,-64,5,7,7,9,7,0,0,9
3.922,0.976,,6.624,0.475,-63,5.735,0.636,-64,5,7,7,9,7,0,0,9
4.156,0.641,,6.663,0.416,-63,5.852,0.546,-64,5,7,7,9,7,0,0,9
4.078,0.751,,6.702,0.41,-63,5.823,0.58,-64,5,7,7,9,7,0,0,9
4,0.807,,6.584,0.464,-63,5.823,0.577,-64,5,7,7,9,7,0,0,9
4,0.809,,6.428,0.541,-63,5.764,0.591,-64,5,7,7,9,7,0,0,9
4.039,0.827,,6.506,0.542,-63,5.823,0.638,-64,5,7,7,9,7,0,0,9
3.883,0.952,,6.467,0.521,-63,5.823,0.613,-64,5,7,7,9,7,0,0,9
4,0.807,,6.624,0.438,-63,5.823,0.638,-64,5,7,7,9,7,0,0,9
4.117,0.658,,6.506,0.486,-63,5.793,0.647,-64,5,7,7,9,7,0,0,9
3.883,0.847,,6.506,0.512,-63,5.764,0.664,-64,5,7,7,9,7,0,0,9
4.117,0.658,,6.545,0.513,-64,5.852,0.585,-64,5,7,7,9,7,0,0,9
4.039,0.682,,6.545,0.554,-63,5.852,0.622,-64,5,7,7,9,7,0,0,9
4.01,0.756,,6.545,0.513,-64,5.764,0.65,-64,5,7,7,9,7,0,0,9
4.195,0.653,,6.624,0.511,-63,5.881,0.586,-64,5,7,7,9,7,0,0,9
4.039,0.856,,6.702,0.456,-63,5.764,0.608,-64,5,7,7,9,7,0,0,9
4.039,0.714,,6.662,0.497,-63,5.881,0.593,-64,5,7,7,9,7,0,0,9
4.117,0.658,,6.702,0.412,-63,5.881,0.546,-64,5,7,7,9,7,0,0,9
4.117,0.674,,6.741,0.42,-63,5.823,0.615,-64,5,7,7,9,7,0,0,9
4.117,0.716,,6.858,0.393,-63,5.735,0.663,-64,5,7,7,9,7,0,0,9
3.922,0.844,,6.741,0.464,-63,5.852,0.639,-64,5,7,7,9,7,0,0,9
4.039,0.746,,6.702,0.481,-64,5.793,0.67,-64,5,7,7,9,7,0,0,9
3.922,0.827,,6.663,0.481,-63,5.823,0.546,-64,5,7,7,9,7,0,0,9
3.922,0.828,,6.741,0.451,-64,5.823,0.573,-64,5,7,7,9,7,0,0,9
4.078,0.708,,6.389,0.599,-63,5.823,0.597,-64,5,7,7,9,7,0,0,9
4,0.816,,6.389,0.605,-64,5.823,0.631,-64,5,7,7,9,7,0,0,9
4.156,0.656,,6.428,0.579,-63,5.764,0.623,-64,5,7,7,9,7,0,0,9
3.961,0.811,,6.428,0.597,-63,5.852,0.639,-64,5,7,7,9,7,0,0,9
4.636,0.622,,6.506,0.585,-63,5.852,0.584,-64,5,7,7,9,7,0,0,9
4.195,0.641,,6.623,0.482,-63,5.676,0.688,-64,5,7,7,9,7,0,0,9
4.48,0.577,,6.663,0.419,-64,5.793,0.594,-64,5,7,7,9,7,0,0,9
4.078,0.678,,6.428,0.608,-63,5.793,0.594,-64,5,7,7,9,7,0,0,9
4.039,0.814,,6.428,0.553,-63,5.881,0.565,-64,5,7,7,9,7,0,0,9
3.922,0.847,,6.623,0.478,-63,5.881,0.586,-64,5,7,7,9,7,0,0,9
4,0.689,,6.545,0.524,-63,5.793,0.61,-64,5,7,7,9,7,0,0,9
4.078,0.677,,6.663,0.452,-62,5.793,0.628,-64,5,7,7,9,7,0,0,9
4.234,0.59,,6.819,0.341,-64,5.735,0.622,-64,5,7,7,9,7,0,0,9
4.039,0.696,,6.506,0.535,-63,5.793,0.57,-64,5,7,7,9,7,0,0,9
4.078,0.696,,6.662,0.5,-63,5.764,0.661,-64,5,7,7,9,7,0,0,9
4.078,0.693,,6.506,0.566,-63,5.823,0.58,-64,5,7,7,9,7,0,0,9
4.156,0.712,,6.78,0.464,-63,5.793,0.61,-64,5,7,7,9,7,0,0,9
4.078,0.736,,6.702,0.423,-62,5.911,0.571,-64,5,7,7,9,7,0,0,9
4.078,0.664,,7.17,0.21,-63,5.881,0.583,-64,5,7,7,9,7,0,0,9
4.117,0.787,,7.551,0.106,-65,5.793,0.634,-64,5,7,7,9,7,0,0,9
3.805,0.972,,6.702,0.445,-64,5.852,0.558,-64,5,7,7,9,7,0,0,9
4.039,0.668,,7.405,1.403,-63,5.793,0.607,-64,5,7,7,9,7,0,0,9
5.459,1.207,,6.741,0.411,-67,5.881,0.606,-64,5,7,7,9,7,0,0,9
4.195,0.708,,7.17,0.305,-66,5.852,0.589,-64,5,7,7,9,7,0,0,9
4.117,0.763,,7.092,0.287,-66,5.735,0.595,-64,5,7,7,9,7,0,0,9
3.922,0.856,,7.288,0.207,-66,5.823,0.668,-64,5,7,7,9,7,0,0,9
3.961,0.866,,7.58,1.502,-67,5.764,0.683,-64,5,7,7,9,7,0,0,9
4,0.763,,7.375,1.449,-65,5.823,0.614,-64,5,7,7,9,7,0,0,9
4.117,0.706,,6.897,0.187,-64,5.823,0.65,-64,5,7,7,9,7,0,0,9
3.766,0.978,,7.375,1.513,-63,5.852,0.6,-64,5,7,7,9,7,0,0,9
4.078,0.693,,7.375,0.158,-68,5.735,0.639,-64,5,7,7,9,7,0,0,9
3.883,0.849,,6.858,0.333,-65,5.793,0.655,-64,5,7,7,9,7,0,0,9
3.883,0.936,,7.522,1.34,-65,5.852,0.609,-64,5,7,7,9,7,0,0,9
4.117,0.691,,6.897,0.294,-64,5.823,0.618,-64,5,7,7,9,7,0,0,9
4.039,0.784,,7.053,0.286,-64,5.764,0.645,-64,5,7,7,9,7,0,0,9
4,0.673,,6.78,0.308,-65,5.735,0.639,-64,5,7,7,9,7,0,0,9
4.156,0.698,,6.35,0.571,-64,5.764,0.667,-64,5,7,7,9,7,0,0,9
4.117,0.674,,6.428,0.637,-67,5.823,0.593,-64,5,7,7,9,7,0,0,9
4.117,0.688,,6.741,0.348,-64,5.852,0.581,-64,5,7,7,9,7,0,0,9
4.156,0.712,,6.584,0.46,-64,5.852,3.721,-57,5,7,7,9,7,0,0,9
4.039,0.682,,6.428,0.509,-64,5.823,0.644,-64,5,7,7,9,7,0,0,9
4.117,0.731,,6.467,0.492,-66,5.793,0.654,-64,5,7,7,9,7,0,0,9
4.273,0.586,,6.155,0.52,-64,5.735,0.657,-64,5,7,7,9,7,0,0,9
3.834,0.916,,6.233,0.606,-66,5.764,0.614,-64,5,7,7,9,7,0,0,9
3.922,0.856,,6.116,0.615,-66,5.823,0.633,-64,5,7,7,9,7,0,0,9
4.01,0.712,,6.741,0.276,-66,5.823,0.637,-64,5,7,7,9,7,0,0,9
3.883,0.831,,6.428,0.456,-65,5.823,0.619,-64,5,7,7,9,7,0,0,9
4.068,0.685,,6.428,0.432,-66,5.881,0.603,-64,5,7,7,9,7,0,0,9
3.883,0.908,,7.131,0.188,-65,5.881,0.562,-64,5,7,7,9,7,0,0,9
4.156,0.734,,6.506,0.455,-64,5.852,0.582,-64,5,7,7,9,7,0,0,9
3.883,0.818,,6.741,0.285,-66,5.764,0.623,-64,5,7,7,9,7,0,0,9
3.961,0.796,,7.317,1.077,-67,5.764,0.664,-64,5,7,7,9,7,0,0,9
4,0.732,,7.375,1.103,-66,5.823,0.616,-64,5,7,7,9,7,0,0,9
4.039,0.728,,7.014,0.217,-65,5.735,0.696,-64,5,7,7,9,7,0,0,9
3.922,0.842,,6.506,0.447,-63,5.852,0.599,-64,5,7,7,9,7,0,0,9
4.156,0.682,,6.584,0.423,-64,5.793,0.587,-64,5,7,7,9,7,0,0,9
4.078,0.766,,6.467,0.525,-64,5.94,0.573,-64,5,7,7,9,7,0,0,9
4.039,0.789,,6.584,0.508,-64,5.735,0.619,-64,5,7,7,9,7,0,0,9
4.039,0.696,,6.35,0.545,-64,5.823,0.656,-64,5,7,7,9,7,0,0,9
3.961,0.823,,6.272,0.667,-64,5.823,0.631,-64,5,7,7,9,7,0,0,9
3.922,0.798,,6.35,0.591,-63,5.881,0.593,-64,5,7,7,9,7,0,0,9
3.922,0.874,,6.545,0.482,-62,5.793,0.587,-64,5,7,7,9,7,0,0,9
4.117,0.752,,6.623,0.459,-62,5.793,0.614,-64,5,7,7,9,7,0,0,9
4.039,0.696,,6.584,0.43,-61,5.793,0.634,-64,5,7,7,9,7,0,0,9
3.922,0.856,,6.584,0.426,-63,5.793,0.648,-64,5,7,7,9,7,0,0,9
4.078,0.693,,6.272,0.573,-62,5.793,0.593,-64,5,7,7,9,7,0,0,9
4.039,0.828,,6.389,0.556,-63,5.852,0.625,-64,5,7,7,9,7,0,0,9
4.078,0.677,,6.389,0.516,-64,5.735,0.636,-64,5,7,7,9,7,0,0,9
4.078,0.753,,6.428,0.59,-65,5.881,0.546,-64,5,7,7,9,7,0,0,9
4.039,0.647,,6.389,0.57,-64,5.852,0.606,-64,5,7,7,9,7,0,0,9
4.078,0.759,,6.428,0.553,-65,5.793,0.613,-64,5,7,7,9,7,0,0,9
4.039,0.784,,6.389,0.598,-66,5.881,0.558,-64,5,7,7,9,7,0,0,9
4.156,0.672,,6.741,0.433,-64,5.823,0.656,-64,5,7,7,9,7,0,0,9
4.156,0.638,,6.741,0.438,-65,5.852,0.622,-64,5,7,7,9,7,0,0,9
4.117,0.691,,6.858,0.428,-65,5.881,0.576,-64,5,7,7,9,7,0,0,9
4.039,0.786,,6.897,0.374,-66,5.852,0.619,-64,5,7,7,9,7,0,0,9
4.156,0.714,,6.585,0.588,-66,5.793,0.648,-64,5,7,7,9,7,0,0,9
4.117,0.622,,6.624,0.565,-66,5.881,0.593,-64,5,7,7,9,7,0,0,9
3.844,0.869,,6.663,0.435,-66,5.793,0.655,-64,5,7,7,9,7,0,0,9
4,0.792,,6.428,0.538,-66,5.735,0.639,-64,5,7,7,9,7,0,0,9
4.078,0.724,,6.233,0.66,-66,5.764,0.661,-64,5,7,7,9,7,0,0,9
4.117,0.658,,6.077,0.691,-65,5.823,0.638,-64,5,7,7,9,7,0,0,9
4.156,0.681,,6.155,0.705,-64,5.852,0.599,-64,5,7,7,9,7,0,0,9
3.922,0.832,,6.194,0.669,-63,5.793,0.631,-65,5,7,7,9,7,0,0,9
3.883,0.821,,6.194,0.646,-64,5.852,0.605,-64,5,7,7,9,7,0,0,9
3.883,0.924,,6.311,0.579,-63,5.823,0.552,-64,5,7,7,9,7,0,0,9
5.592,0.964,,6.389,0.597,-65,5.764,0.664,-64,5,7,7,9,7,0,0,9
4.078,0.677,,6.077,0.695,-64,5.823,0.637,-64,5,7,7,9,7,0,0,9
4.117,0.677,,6.194,0.688,-64,5.793,0.609,-64,5,7,7,9,7,0,0,9
4,0.847,,6.233,0.697,-64,5.823,0.614,-64,5,7,7,9,7,0,0,9
3.844,0.886,,6.78,0.425,-64,5.881,0.604,-64,5,7,7,9,7,0,0,9
4.039,0.812,,6.936,0.364,-64,5.764,0.61,-64,5,7,7,9,7,0,0,9
4,0.76,,6.272,0.606,-63,5.852,0.639,-64,5,7,7,9,7,0,0,9
4.195,0.642,,6.467,0.581,-65,5.764,0.661,-64,5,7,7,9,7,0,0,9
4.039,0.711,,6.467,0.535,-63,5.764,0.604,-64,5,7,7,9,7,0,0,9
4.039,0.74,,6.116,0.675,-63,5.764,0.647,-64,5,7,7,9,7,0,0,9
4,0.732,,6.506,0.516,-63,5.764,0.622,-64,5,7,7,9,7,0,0,9
4.117,0.669,,6.155,0.636,-63,5.764,0.583,-64,5,7,7,9,7,0,0,9
4.156,0.696,,6.037,0.687,-63,5.793,0.615,-64,5,7,7,9,7,0,0,9
4.039,0.696,,6.78,0.428,-63,5.852,0.542,-64,5,7,7,9,7,0,0,9
4,0.752,,6.545,0.437,-62,5.764,0.641,-64,5,7,7,9,7,0,0,9
4.234,0.577,,6.663,0.431,-64,5.793,0.64,-64,5,7,7,9,7,0,0,9
3.961,0.811,,6.585,0.465,-63,5.881,0.549,-64,5,7,7,9,7,0,0,9
4.156,0.945,,6.702,0.395,-63,5.764,0.683,-64,5,7,7,9,7,0,0,9
3.883,0.847,,6.897,0.325,-63,5.852,0.542,-64,5,7,7,9,7,0,0,9
4.117,0.792,,6.78,0.406,-64,5.793,0.593,-64,5,7,7,9,7,0,0,9
4.324,0.862,,6.858,0.388,-63,5.852,0.516,-64,5,7,7,9,7,0,0,9
4.039,0.682,,7.092,0.242,-63,5.823,0.65,-64,5,7,7,9,7,0,0,9
4.039,0.829,,7.014,0.368,-63,5.823,0.613,-64,5,7,7,9,7,0,0,9
4.039,0.711,,6.506,0.55,-63,5.706,0.634,-64,5,7,7,9,7,0,0,9
4.078,0.677,,6.467,0.513,-63,5.793,0.625,-64,5,7,7,9,7,0,0,9
4,0.689,,6.584,0.504,-64,5.793,0.634,-64,5,7,7,9,7,0,0,9
4.156,0.653,,7.053,0.354,-63,5.823,0.574,-64,5,7,7,9,7,0,0,9
4,0.818,,6.858,0.396,-62,5.764,0.661,-64,5,7,7,9,7,0,0,9
3.922,0.877,,7.17,0.226,-63,5.764,0.641,-64,5,7,7,9,7,0,0,9
5.186,1.145,,6.624,0.42,-63,5.764,0.643,-64,5,7,7,9,7,0,0,9
3.961,0.924,,6.702,0.46,-63,5.823,0.656,-64,5,7,7,9,7,0,0,9
3.922,0.906,,6.663,0.419,-63,5.793,0.61,-64,5,7,7,9,7,0,0,9
3.922,0.897,,6.389,0.55,-62,5.706,0.631,-64,5,7,7,9,7,0,0,9
3.961,0.796,,6.584,0.433,-62,5.823,0.574,-64,5,7,7,9,7,0,0,9
4,0.761,,6.858,0.354,-61,5.852,0.657,-64,5,7,7,9,7,0,0,9
4,0.786,,6.584,0.567,-62,5.764,0.642,-64,5,7,7,9,7,0,0,9
4.078,0.738,,6.389,0.588,-65,5.793,0.631,-64,5,7,7,9,7,0,0,9
4.117,0.716,,6.311,0.56,-63,5.764,0.683,-64,5,7,7,9,7,0,0,9
3.883,0.847,,6.623,0.424,-64,5.793,0.549,-64,5,7,7,9,7,0,0,9
4.039,0.696,,6.389,0.528,-63,5.735,0.657,-64,5,7,7,9,7,0,0,9
4.117,0.674,,6.272,0.67,-63,5.764,0.614,-64,5,7,7,9,7,0,0,9
4.078,0.738,,6.272,0.639,-62,5.793,0.654,-64,5,7,7,9,7,0,0,9
4.117,0.658,,6.858,0.359,-63,5.735,0.665,-64,5,7,7,9,7,0,0,9
4.078,0.677,,6.389,0.588,-62,5.764,0.644,-64,5,7,7,9,7,0,0,9
5.459,1.209,,6.936,0.341,-62,5.793,0.645,-64,5,7,7,9,7,0,0,9
3.922,0.856,,6.702,0.476,-62,5.852,0.635,-64,5,7,7,9,7,0,0,9
4.156,0.704,,7.287,0.139,-62,5.823,0.614,-64,5,7,7,9,7,0,0,9
4,0.857,,7.581,1.273,-62,5.852,0.619,-64,5,7,7,9,7,0,0,9
4.078,0.693,,7.209,0.119,-63,5.793,0.628,-65,5,7,7,9,7,0,0,9
3.844,0.851,,6.428,0.553,-63,5.823,0.559,-64,5,7,7,9,7,0,0,9
4.039,0.786,,6.936,0.374,-63,5.793,0.617,-64,5,7,7,9,7,0,0,9
3.883,0.909,,6.78,0.418,-64,5.852,0.616,-64,5,7,7,9,7,0,0,9
4.117,0.703,,6.35,0.633,-64,5.823,0.65,-64,5,7,7,9,7,0,0,9
4.039,0.696,,6.702,0.518,-63,5.823,0.596,-64,5,7,7,9,7,0,0,9
4.039,0.819,,6.78,0.417,-63,5.764,0.683,-64,5,7,7,9,7,0,0,9
4.117,0.691,,6.897,0.368,-64,5.793,0.609,-64,5,7,7,9,7,0,0,9
4.078,0.738,,7.288,0.176,-65,5.793,0.628,-64,5,7,7,9,7,0,0,9
4.117,0.654,,7.209,0.213,-64,5.764,0.661,-64,5,7,7,9,7,0,0,9
4.195,0.664,,6.936,0.319,-64,5.793,0.654,-64,5,7,7,9,7,0,0,9
4.078,0.677,,6.741,0.398,-63,5.793,0.631,-64,5,7,7,9,7,0,0,9
4.078,0.708,,6.741,0.433,-63,5.764,0.68,-64,5,7,7,9,7,0,0,9
4.117,0.697,,6.467,0.546,-63,5.852,0.562,-64,5,7,7,9,7,0,0,9
4.039,0.696,,6.428,0.531,-62,5.823,0.613,-64,5,7,7,9,7,0,0,9
5.303,1.289,,6.389,0.492,-63,5.823,0.631,-64,5,7,7,9,7,0,0,9
3.883,0.936,,6.662,0.428,-63,5.793,0.668,-64,5,7,7,9,7,0,0,9
3.961,0.823,,6.272,0.627,-62,5.764,0.645,-64,5,7,7,9,7,0,0,9
3.766,0.963,,6.506,0.524,-64,5.852,0.683,-64,5,7,7,9,7,0,0,9
4.078,0.808,,6.584,0.478,-63,5.823,0.632,-64,5,7,7,9,7,0,0,9
